scenario,method,nominal_alpha,mean_pfa,pfa_mcse,n_defined
S1,Pointwise-alpha,0.02,0.14001159999999999,0.0008079890987181043,500
S1,Pointwise-alpha,0.05,0.27362240000000004,0.0009706478408474846,500
S1,Pointwise-alpha,0.1,0.43142400000000003,0.0010310756917725915,500
S1,Pointwise-alpha,0.15,0.5475472,0.0009730282587389787,500
S1,Pointwise-alpha,0.2,0.6380768,0.0008956525836624615,500
S1,Binwise Bonferroni,0.02,0.014052,0.0002513547102816287,500
S1,Binwise Bonferroni,0.05,0.0331316,0.00038842460043159074,500
S1,Binwise Bonferroni,0.1,0.06328360000000001,0.0005439128832166581,500
S1,Binwise Bonferroni,0.15,0.092258,0.0006508416564137907,500
S1,Binwise Bonferroni,0.2,0.1201672,0.0007266996856930468,500
S1,Naive maximum,0.02,0.0214832,0.0003074235742880759,500
S1,Naive maximum,0.05,0.051424399999999995,0.0004621593576069268,500
S1,Naive maximum,0.1,0.1009164,0.0006371275265204762,500
S1,Naive maximum,0.15,0.15022359999999998,0.0007567965433960386,500
S1,Naive maximum,0.2,0.1997772,0.0008192400312347749,500
S1,PaFAR-F,0.02,0.0195208,0.00029303459397575065,500
S1,PaFAR-F,0.05,0.04957640000000001,0.00046335191385397803,500
S1,PaFAR-F,0.1,0.09929079999999998,0.0006368809192703619,500
S1,PaFAR-F,0.15,0.14850599999999997,0.0007520201837141255,500
S1,PaFAR-F,0.2,0.1982388,0.0008161459044771282,500
S1,PaFAR-T,0.02,0.0195488,0.0002961858356141239,500
S1,PaFAR-T,0.05,0.04963800000000001,0.00045884318250603276,500
S1,PaFAR-T,0.1,0.0992276,0.0006446521148482774,500
S1,PaFAR-T,0.15,0.14875280000000002,0.0007460702285252934,500
S1,PaFAR-T,0.2,0.1980692,0.000823948861381788,500
S1,PaFAR-HC,0.02,0.010058,0.00021022707448302506,500
S1,PaFAR-HC,0.05,0.03339920000000001,0.00039002471367151733,500
S1,PaFAR-HC,0.1,0.0775616,0.0005763384621260771,500
S1,PaFAR-HC,0.15,0.12296760000000001,0.000700042927741837,500
S1,PaFAR-HC,0.2,0.16832840000000002,0.0007839218927596651,500
S3,Pointwise-alpha,0.02,0.1728996,0.0008986574709979107,500
S3,Pointwise-alpha,0.05,0.3196156,0.001015696446692439,500
S3,Pointwise-alpha,0.1,0.48147840000000003,0.0009604989658541094,500
S3,Pointwise-alpha,0.15,0.5944404,0.0008619410074248475,500
S3,Pointwise-alpha,0.2,0.6797072000000001,0.0007642895874385141,500
S3,Binwise Bonferroni,0.02,0.0168172,0.00029812057976624215,500
S3,Binwise Bonferroni,0.05,0.038848799999999996,0.00044723478736571925,500
S3,Binwise Bonferroni,0.1,0.07143400000000001,0.0005833643766909185,500
S3,Binwise Bonferroni,0.15,0.10275319999999999,0.0007004282253863244,500
S3,Binwise Bonferroni,0.2,0.1326832,0.000753628334694037,500
S3,Naive maximum,0.02,0.0223732,0.0003150997607718497,500
S3,Naive maximum,0.05,0.0527948,0.0005040944438661007,500
S3,Naive maximum,0.1,0.102506,0.0006803503223503641,500
S3,Naive maximum,0.15,0.15311560000000002,0.0008061379721488627,500
S3,Naive maximum,0.2,0.20313119999999998,0.0008789726953200745,500
S3,PaFAR-F,0.02,0.0205276,0.00030129113690640936,500
S3,PaFAR-F,0.05,0.050974000000000005,0.0004935304982525506,500
S3,PaFAR-F,0.1,0.10065800000000001,0.0006761628090102095,500
S3,PaFAR-F,0.15,0.1515296,0.0007959724316229849,500
S3,PaFAR-F,0.2,0.201542,0.0008876330417653836,500
S3,PaFAR-T,0.02,0.020668,0.00030998666982781994,500
S3,PaFAR-T,0.05,0.0501628,0.0004889322056517109,500
S3,PaFAR-T,0.1,0.10089920000000001,0.00068060388039153,500
S3,PaFAR-T,0.15,0.151458,0.0008048696430382804,500
S3,PaFAR-T,0.2,0.2017052,0.0008937322308840842,500
S3,PaFAR-HC,0.02,0.0101764,0.0002141218868889628,500
S3,PaFAR-HC,0.05,0.034734,0.0003932754494731608,500
S3,PaFAR-HC,0.1,0.0782732,0.0006011865384621117,500
S3,PaFAR-HC,0.15,0.125246,0.0007359779719192011,500
S3,PaFAR-HC,0.2,0.1714172,0.0008505533553755938,500
E1,Pointwise-alpha,0.02,0.2553900330892396,0.004103852893977023,100
E1,Pointwise-alpha,0.05,0.4404462363246669,0.005946018795819975,100
E1,Pointwise-alpha,0.1,0.6153175832038197,0.006386230255738495,100
E1,Pointwise-alpha,0.15,0.7192615825987255,0.006026619317117884,100
E1,Pointwise-alpha,0.2,0.7918011814574594,0.005559448051402571,100
E1,Binwise Bonferroni,0.02,0.01786369642148814,0.000716738332283962,100
E1,Binwise Bonferroni,0.05,0.04239685149382569,0.0011633226066633073,100
E1,Binwise Bonferroni,0.1,0.08110555789533386,0.0015077160517902543,100
E1,Binwise Bonferroni,0.15,0.12062959269502734,0.0018730185094111638,100
E1,Binwise Bonferroni,0.2,0.15325632598969197,0.001994827621642786,100
E1,Naive maximum,0.02,0.021300292148226797,0.0008708592287639445,100
E1,Naive maximum,0.05,0.050686513440310395,0.0014627405035327686,100
E1,Naive maximum,0.1,0.10025670620289949,0.0014965979343899579,100
E1,Naive maximum,0.15,0.15076343456284508,0.0018959030258846638,100
E1,Naive maximum,0.2,0.2007492565895535,0.0020289282009860817,100
E1,PaFAR-F,0.02,0.018294507308960862,0.0007784402742034081,100
E1,PaFAR-F,0.05,0.048287097553438886,0.0014225967947367325,100
E1,PaFAR-F,0.1,0.09824128829104758,0.0015392387545991972,100
E1,PaFAR-F,0.15,0.14879370972436676,0.00188221546770806,100
E1,PaFAR-F,0.2,0.19884818857418599,0.0020262457302667515,100
E1,PaFAR-T,0.02,0.018586323845823333,0.0006361645887409118,100
E1,PaFAR-T,0.05,0.0491544339179041,0.0011222428271668665,100
E1,PaFAR-T,0.1,0.10014914459496543,0.0015179156979514663,100
E1,PaFAR-T,0.15,0.1480495556375284,0.0018677758622001894,100
E1,PaFAR-T,0.2,0.19728117351888805,0.0020870786881640813,100
E1,PaFAR-HC,0.02,0.010939734619625253,0.0005789627354689011,100
E1,PaFAR-HC,0.05,0.03509331660791604,0.0012039165141536873,100
E1,PaFAR-HC,0.1,0.07787456113998938,0.0015242026400788364,100
E1,PaFAR-HC,0.15,0.12453952561204754,0.0016795012311252913,100
E1,PaFAR-HC,0.2,0.17146945012151715,0.002013244831300059,100
E2,Pointwise-alpha,0.02,0.2427415972514398,0.003688230840247636,100
E2,Pointwise-alpha,0.05,0.42225766062777287,0.005043385663306905,100
E2,Pointwise-alpha,0.1,0.594951480205673,0.005863416941291526,100
E2,Pointwise-alpha,0.15,0.7019938113993388,0.005956554909996796,100
E2,Pointwise-alpha,0.2,0.7774847796679529,0.005733318972823966,100
E2,Binwise Bonferroni,0.02,0.018067229675570208,0.0006954400643870236,100
E2,Binwise Bonferroni,0.05,0.042754062935674166,0.0009971883918641444,100
E2,Binwise Bonferroni,0.1,0.08062298917037176,0.0014063212664129669,100
E2,Binwise Bonferroni,0.15,0.11873606832361071,0.0017861794925334625,100
E2,Binwise Bonferroni,0.2,0.15379681144934682,0.0019063130571817636,100
E2,Naive maximum,0.02,0.021618848069595364,0.0007789568047592426,100
E2,Naive maximum,0.05,0.0538268151740446,0.0012520796265844609,100
E2,Naive maximum,0.1,0.1031808415002321,0.00164660977366794,100
E2,Naive maximum,0.15,0.15194345847917543,0.0020961449221321648,100
E2,Naive maximum,0.2,0.20203558170972172,0.002172663292983722,100
E2,PaFAR-F,0.02,0.01875044781169057,0.0007551871521085214,100
E2,PaFAR-F,0.05,0.050790250591394616,0.001235881836464834,100
E2,PaFAR-F,0.1,0.10132861586459375,0.0016566481998978877,100
E2,PaFAR-F,0.15,0.15025051439184145,0.0021145835459225005,100
E2,PaFAR-F,0.2,0.20017668182048173,0.0021993011729257864,100
E2,PaFAR-T,0.02,0.019044631312404605,0.0006691791409817518,100
E2,PaFAR-T,0.05,0.04973884160079636,0.0010678474055525818,100
E2,PaFAR-T,0.1,0.0984676084967814,0.0013947911157150248,100
E2,PaFAR-T,0.15,0.14913332946459876,0.0017969215925957662,100
E2,PaFAR-T,0.2,0.20014344491343594,0.0021507107426351345,100
E2,PaFAR-HC,0.02,0.011045741935255298,0.0005695761255510615,100
E2,PaFAR-HC,0.05,0.0355339421215328,0.001066636368157995,100
E2,PaFAR-HC,0.1,0.0815858379597738,0.0014668101554320338,100
E2,PaFAR-HC,0.15,0.12619752098356804,0.001779816164322863,100
E2,PaFAR-HC,0.2,0.17256898913208069,0.002126157722617986,100
