scenario,method,hour,mean_cumulative_false_alert_probability,n_defined
S2,Pointwise-alpha,0,0.0,500
S2,Pointwise-alpha,1,0.0,500
S2,Pointwise-alpha,2,0.0,500
S2,Pointwise-alpha,3,0.0,500
S2,Pointwise-alpha,4,0.0,500
S2,Pointwise-alpha,5,0.09956439999999996,500
S2,Pointwise-alpha,6,0.11800199999999988,500
S2,Pointwise-alpha,7,0.1351172,500
S2,Pointwise-alpha,8,0.15113559999999987,500
S2,Pointwise-alpha,9,0.16621440000000018,500
S2,Pointwise-alpha,10,0.18053480000000008,500
S2,Pointwise-alpha,11,0.1940236,500
S2,Pointwise-alpha,12,0.2069052,500
S2,Pointwise-alpha,13,0.21895360000000014,500
S2,Pointwise-alpha,14,0.2305624,500
S2,Pointwise-alpha,15,0.2418175999999998,500
S2,Pointwise-alpha,16,0.2525383999999998,500
S2,Pointwise-alpha,17,0.26286719999999997,500
S2,Pointwise-alpha,18,0.27268000000000003,500
S2,Pointwise-alpha,19,0.28222480000000033,500
S2,Pointwise-alpha,20,0.29142959999999984,500
S2,Pointwise-alpha,21,0.3003967999999999,500
S2,Pointwise-alpha,22,0.30899200000000027,500
S2,Pointwise-alpha,23,0.31734360000000006,500
S2,Pointwise-alpha,24,0.3253475999999999,500
S2,Pointwise-alpha,25,0.3331396,500
S2,Pointwise-alpha,26,0.3406104,500
S2,Pointwise-alpha,27,0.3479843999999998,500
S2,Pointwise-alpha,28,0.35513439999999963,500
S2,Pointwise-alpha,29,0.3621668000000001,500
S2,Pointwise-alpha,30,0.3688595999999996,500
S2,Pointwise-alpha,31,0.37532480000000024,500
S2,Pointwise-alpha,32,0.3817315999999999,500
S2,Pointwise-alpha,33,0.38791079999999983,500
S2,Pointwise-alpha,34,0.3937792000000001,500
S2,Pointwise-alpha,35,0.39942199999999983,500
S2,Pointwise-alpha,36,0.40482520000000033,500
S2,Pointwise-alpha,37,0.4098624000000001,500
S2,Pointwise-alpha,38,0.41452560000000016,500
S2,Pointwise-alpha,39,0.41881279999999993,500
S2,Pointwise-alpha,40,0.42268839999999985,500
S2,Pointwise-alpha,41,0.4260524000000001,500
S2,Pointwise-alpha,42,0.4290923999999999,500
S2,Pointwise-alpha,43,0.4317368,500
S2,Pointwise-alpha,44,0.4339919999999995,500
S2,Pointwise-alpha,45,0.43599840000000023,500
S2,Pointwise-alpha,46,0.4378076000000001,500
S2,Pointwise-alpha,47,0.4394212000000003,500
S2,Pointwise-alpha,48,0.44088640000000007,500
S2,Pointwise-alpha,49,0.4422576000000003,500
S2,Pointwise-alpha,50,0.44358359999999997,500
S2,Pointwise-alpha,51,0.4447932,500
S2,Pointwise-alpha,52,0.44601199999999974,500
S2,Pointwise-alpha,53,0.4471819999999999,500
S2,Pointwise-alpha,54,0.44832840000000024,500
S2,Pointwise-alpha,55,0.44943839999999974,500
S2,Pointwise-alpha,56,0.4505472,500
S2,Pointwise-alpha,57,0.4516284,500
S2,Pointwise-alpha,58,0.4527036,500
S2,Pointwise-alpha,59,0.4537664000000002,500
S2,Pointwise-alpha,60,0.4548008,500
S2,Pointwise-alpha,61,0.45575880000000013,500
S2,Pointwise-alpha,62,0.4567259999999999,500
S2,Pointwise-alpha,63,0.4577192000000001,500
S2,Pointwise-alpha,64,0.4586551999999996,500
S2,Pointwise-alpha,65,0.45959879999999986,500
S2,Pointwise-alpha,66,0.4605432000000002,500
S2,Pointwise-alpha,67,0.4614304,500
S2,Pointwise-alpha,68,0.4623547999999999,500
S2,Pointwise-alpha,69,0.46322519999999984,500
S2,Pointwise-alpha,70,0.4640836000000001,500
S2,Pointwise-alpha,71,0.4649520000000005,500
S2,Pointwise-alpha,72,0.4658156000000004,500
S2,Pointwise-alpha,73,0.46660800000000013,500
S2,Pointwise-alpha,74,0.4674160000000001,500
S2,Pointwise-alpha,75,0.46816399999999975,500
S2,Pointwise-alpha,76,0.46887639999999997,500
S2,Pointwise-alpha,77,0.4695583999999999,500
S2,Pointwise-alpha,78,0.4702128,500
S2,Pointwise-alpha,79,0.47080079999999985,500
S2,Pointwise-alpha,80,0.4713343999999998,500
S2,Pointwise-alpha,81,0.471843999999999,500
S2,Pointwise-alpha,82,0.4722743999999999,500
S2,Pointwise-alpha,83,0.4726592000000004,500
S2,Pointwise-alpha,84,0.472956,500
S2,Pointwise-alpha,85,0.47321919999999973,500
S2,Pointwise-alpha,86,0.47341720000000004,500
S2,Pointwise-alpha,87,0.47355599999999987,500
S2,Pointwise-alpha,88,0.4736655999999997,500
S2,Pointwise-alpha,89,0.47375599999999995,500
S2,Pointwise-alpha,90,0.4738127999999999,500
S2,Pointwise-alpha,91,0.4738519999999999,500
S2,Pointwise-alpha,92,0.4738787999999998,500
S2,Pointwise-alpha,93,0.47389759999999986,500
S2,Pointwise-alpha,94,0.47391439999999985,500
S2,Pointwise-alpha,95,0.4739231999999997,500
S2,Pointwise-alpha,96,0.47392719999999977,500
S2,Pointwise-alpha,97,0.47393079999999976,500
S2,Pointwise-alpha,98,0.4739319999999998,500
S2,Pointwise-alpha,99,0.4739331999999996,500
S2,Pointwise-alpha,100,0.4739331999999996,500
S2,Pointwise-alpha,101,0.4739335999999996,500
S2,Pointwise-alpha,102,0.47393399999999963,500
S2,Pointwise-alpha,103,0.47393399999999963,500
S2,Pointwise-alpha,104,0.47393399999999963,500
S2,Pointwise-alpha,105,0.47393399999999963,500
S2,Pointwise-alpha,106,0.47393399999999963,500
S2,Pointwise-alpha,107,0.47393399999999963,500
S2,Pointwise-alpha,108,0.47393399999999963,500
S2,Pointwise-alpha,109,0.47393399999999963,500
S2,Pointwise-alpha,110,0.47393399999999963,500
S2,Pointwise-alpha,111,0.47393399999999963,500
S2,Pointwise-alpha,112,0.47393399999999963,500
S2,Pointwise-alpha,113,0.47393399999999963,500
S2,Pointwise-alpha,114,0.47393399999999963,500
S2,Pointwise-alpha,115,0.47393399999999963,500
S2,Pointwise-alpha,116,0.47393399999999963,500
S2,Pointwise-alpha,117,0.47393399999999963,500
S2,Pointwise-alpha,118,0.47393399999999963,500
S2,Pointwise-alpha,119,0.47393399999999963,500
S2,Binwise Bonferroni,0,0.0,500
S2,Binwise Bonferroni,1,0.0,500
S2,Binwise Bonferroni,2,0.0,500
S2,Binwise Bonferroni,3,0.0,500
S2,Binwise Bonferroni,4,0.0,500
S2,Binwise Bonferroni,5,0.007629599999999995,500
S2,Binwise Bonferroni,6,0.009837599999999991,500
S2,Binwise Bonferroni,7,0.011978800000000006,500
S2,Binwise Bonferroni,8,0.014042800000000001,500
S2,Binwise Bonferroni,9,0.016017599999999993,500
S2,Binwise Bonferroni,10,0.01797880000000001,500
S2,Binwise Bonferroni,11,0.019853199999999994,500
S2,Binwise Bonferroni,12,0.020719200000000028,500
S2,Binwise Bonferroni,13,0.021868000000000005,500
S2,Binwise Bonferroni,14,0.02301600000000001,500
S2,Binwise Bonferroni,15,0.024164800000000014,500
S2,Binwise Bonferroni,16,0.0252968,500
S2,Binwise Bonferroni,17,0.026439200000000013,500
S2,Binwise Bonferroni,18,0.027606800000000032,500
S2,Binwise Bonferroni,19,0.028710000000000027,500
S2,Binwise Bonferroni,20,0.029800800000000016,500
S2,Binwise Bonferroni,21,0.030875600000000003,500
S2,Binwise Bonferroni,22,0.031951999999999994,500
S2,Binwise Bonferroni,23,0.03305039999999999,500
S2,Binwise Bonferroni,24,0.03358759999999999,500
S2,Binwise Bonferroni,25,0.034284,500
S2,Binwise Bonferroni,26,0.03500159999999999,500
S2,Binwise Bonferroni,27,0.035710399999999975,500
S2,Binwise Bonferroni,28,0.036420400000000006,500
S2,Binwise Bonferroni,29,0.03711759999999996,500
S2,Binwise Bonferroni,30,0.03779000000000002,500
S2,Binwise Bonferroni,31,0.038473199999999985,500
S2,Binwise Bonferroni,32,0.03919480000000003,500
S2,Binwise Bonferroni,33,0.039870400000000035,500
S2,Binwise Bonferroni,34,0.04053359999999999,500
S2,Binwise Bonferroni,35,0.041137199999999964,500
S2,Binwise Bonferroni,36,0.04177039999999999,500
S2,Binwise Bonferroni,37,0.042333599999999985,500
S2,Binwise Bonferroni,38,0.04290559999999999,500
S2,Binwise Bonferroni,39,0.043413200000000075,500
S2,Binwise Bonferroni,40,0.04387879999999996,500
S2,Binwise Bonferroni,41,0.04430720000000001,500
S2,Binwise Bonferroni,42,0.04470280000000001,500
S2,Binwise Bonferroni,43,0.045036000000000034,500
S2,Binwise Bonferroni,44,0.045323999999999996,500
S2,Binwise Bonferroni,45,0.04557120000000003,500
S2,Binwise Bonferroni,46,0.045832000000000046,500
S2,Binwise Bonferroni,47,0.046063999999999994,500
S2,Binwise Bonferroni,48,0.047747199999999955,500
S2,Binwise Bonferroni,49,0.04842280000000004,500
S2,Binwise Bonferroni,50,0.049028400000000034,500
S2,Binwise Bonferroni,51,0.04963679999999999,500
S2,Binwise Bonferroni,52,0.05022079999999997,500
S2,Binwise Bonferroni,53,0.05077559999999998,500
S2,Binwise Bonferroni,54,0.05133759999999998,500
S2,Binwise Bonferroni,55,0.05186760000000001,500
S2,Binwise Bonferroni,56,0.052433200000000006,500
S2,Binwise Bonferroni,57,0.05296920000000003,500
S2,Binwise Bonferroni,58,0.05347920000000003,500
S2,Binwise Bonferroni,59,0.054027999999999944,500
S2,Binwise Bonferroni,60,0.05453720000000002,500
S2,Binwise Bonferroni,61,0.05503720000000001,500
S2,Binwise Bonferroni,62,0.055536,500
S2,Binwise Bonferroni,63,0.05601280000000002,500
S2,Binwise Bonferroni,64,0.05648359999999995,500
S2,Binwise Bonferroni,65,0.05698479999999999,500
S2,Binwise Bonferroni,66,0.05746400000000005,500
S2,Binwise Bonferroni,67,0.057958800000000005,500
S2,Binwise Bonferroni,68,0.05844480000000003,500
S2,Binwise Bonferroni,69,0.05890799999999999,500
S2,Binwise Bonferroni,70,0.059390400000000024,500
S2,Binwise Bonferroni,71,0.059845999999999996,500
S2,Binwise Bonferroni,72,0.061594399999999966,500
S2,Binwise Bonferroni,73,0.06245319999999999,500
S2,Binwise Bonferroni,74,0.06332479999999995,500
S2,Binwise Bonferroni,75,0.06411479999999999,500
S2,Binwise Bonferroni,76,0.0648932,500
S2,Binwise Bonferroni,77,0.06563400000000003,500
S2,Binwise Bonferroni,78,0.06632839999999991,500
S2,Binwise Bonferroni,79,0.06699000000000001,500
S2,Binwise Bonferroni,80,0.06756160000000007,500
S2,Binwise Bonferroni,81,0.06808839999999997,500
S2,Binwise Bonferroni,82,0.06852959999999997,500
S2,Binwise Bonferroni,83,0.06890360000000002,500
S2,Binwise Bonferroni,84,0.06922199999999995,500
S2,Binwise Bonferroni,85,0.069484,500
S2,Binwise Bonferroni,86,0.06966879999999998,500
S2,Binwise Bonferroni,87,0.069822,500
S2,Binwise Bonferroni,88,0.0699404,500
S2,Binwise Bonferroni,89,0.07003440000000004,500
S2,Binwise Bonferroni,90,0.07010880000000003,500
S2,Binwise Bonferroni,91,0.0701572,500
S2,Binwise Bonferroni,92,0.07018839999999998,500
S2,Binwise Bonferroni,93,0.07020759999999998,500
S2,Binwise Bonferroni,94,0.07022119999999997,500
S2,Binwise Bonferroni,95,0.07023039999999998,500
S2,Binwise Bonferroni,96,0.07023839999999999,500
S2,Binwise Bonferroni,97,0.0702404,500
S2,Binwise Bonferroni,98,0.07024239999999998,500
S2,Binwise Bonferroni,99,0.0702436,500
S2,Binwise Bonferroni,100,0.0702444,500
S2,Binwise Bonferroni,101,0.0702448,500
S2,Binwise Bonferroni,102,0.0702448,500
S2,Binwise Bonferroni,103,0.0702448,500
S2,Binwise Bonferroni,104,0.0702448,500
S2,Binwise Bonferroni,105,0.07024520000000001,500
S2,Binwise Bonferroni,106,0.07024520000000001,500
S2,Binwise Bonferroni,107,0.07024520000000001,500
S2,Binwise Bonferroni,108,0.07024520000000001,500
S2,Binwise Bonferroni,109,0.07024520000000001,500
S2,Binwise Bonferroni,110,0.07024520000000001,500
S2,Binwise Bonferroni,111,0.07024520000000001,500
S2,Binwise Bonferroni,112,0.07024520000000001,500
S2,Binwise Bonferroni,113,0.07024520000000001,500
S2,Binwise Bonferroni,114,0.07024520000000001,500
S2,Binwise Bonferroni,115,0.07024520000000001,500
S2,Binwise Bonferroni,116,0.07024520000000001,500
S2,Binwise Bonferroni,117,0.07024520000000001,500
S2,Binwise Bonferroni,118,0.07024520000000001,500
S2,Binwise Bonferroni,119,0.07024520000000001,500
S2,PaFAR-F,0,0.0,500
S2,PaFAR-F,1,0.0,500
S2,PaFAR-F,2,0.0,500
S2,PaFAR-F,3,0.0,500
S2,PaFAR-F,4,0.0,500
S2,PaFAR-F,5,0.010108399999999998,500
S2,PaFAR-F,6,0.01297359999999999,500
S2,PaFAR-F,7,0.015699599999999998,500
S2,PaFAR-F,8,0.018337999999999993,500
S2,PaFAR-F,9,0.02089319999999999,500
S2,PaFAR-F,10,0.02332880000000001,500
S2,PaFAR-F,11,0.025742800000000017,500
S2,PaFAR-F,12,0.028053199999999986,500
S2,PaFAR-F,13,0.030384400000000002,500
S2,PaFAR-F,14,0.03268480000000001,500
S2,PaFAR-F,15,0.034874400000000035,500
S2,PaFAR-F,16,0.03704160000000003,500
S2,PaFAR-F,17,0.03919719999999999,500
S2,PaFAR-F,18,0.04133600000000003,500
S2,PaFAR-F,19,0.043401200000000056,500
S2,PaFAR-F,20,0.04541919999999997,500
S2,PaFAR-F,21,0.04743560000000002,500
S2,PaFAR-F,22,0.049434399999999976,500
S2,PaFAR-F,23,0.051344799999999975,500
S2,PaFAR-F,24,0.053260399999999965,500
S2,PaFAR-F,25,0.05513879999999998,500
S2,PaFAR-F,26,0.05702319999999995,500
S2,PaFAR-F,27,0.05888359999999999,500
S2,PaFAR-F,28,0.060726800000000004,500
S2,PaFAR-F,29,0.06252920000000003,500
S2,PaFAR-F,30,0.06434799999999993,500
S2,PaFAR-F,31,0.06612479999999998,500
S2,PaFAR-F,32,0.0678944,500
S2,PaFAR-F,33,0.06963799999999999,500
S2,PaFAR-F,34,0.07126319999999998,500
S2,PaFAR-F,35,0.07292239999999996,500
S2,PaFAR-F,36,0.07442399999999993,500
S2,PaFAR-F,37,0.07589480000000003,500
S2,PaFAR-F,38,0.07728679999999995,500
S2,PaFAR-F,39,0.07856600000000002,500
S2,PaFAR-F,40,0.07972559999999994,500
S2,PaFAR-F,41,0.0808464,500
S2,PaFAR-F,42,0.08176519999999997,500
S2,PaFAR-F,43,0.08259239999999995,500
S2,PaFAR-F,44,0.08333200000000007,500
S2,PaFAR-F,45,0.08398880000000007,500
S2,PaFAR-F,46,0.08456839999999999,500
S2,PaFAR-F,47,0.08511359999999991,500
S2,PaFAR-F,48,0.08561399999999995,500
S2,PaFAR-F,49,0.086098,500
S2,PaFAR-F,50,0.08652360000000003,500
S2,PaFAR-F,51,0.08694800000000004,500
S2,PaFAR-F,52,0.0873944000000001,500
S2,PaFAR-F,53,0.08779480000000009,500
S2,PaFAR-F,54,0.08820959999999994,500
S2,PaFAR-F,55,0.08861839999999996,500
S2,PaFAR-F,56,0.08903239999999996,500
S2,PaFAR-F,57,0.0894308,500
S2,PaFAR-F,58,0.08981760000000008,500
S2,PaFAR-F,59,0.09022279999999996,500
S2,PaFAR-F,60,0.09060480000000004,500
S2,PaFAR-F,61,0.09100160000000004,500
S2,PaFAR-F,62,0.09137399999999997,500
S2,PaFAR-F,63,0.09173719999999998,500
S2,PaFAR-F,64,0.09211760000000004,500
S2,PaFAR-F,65,0.09250519999999994,500
S2,PaFAR-F,66,0.09287879999999998,500
S2,PaFAR-F,67,0.09327800000000014,500
S2,PaFAR-F,68,0.09364400000000003,500
S2,PaFAR-F,69,0.09400319999999998,500
S2,PaFAR-F,70,0.09438119999999989,500
S2,PaFAR-F,71,0.09475159999999998,500
S2,PaFAR-F,72,0.09511119999999995,500
S2,PaFAR-F,73,0.09545439999999997,500
S2,PaFAR-F,74,0.09579080000000002,500
S2,PaFAR-F,75,0.09611599999999998,500
S2,PaFAR-F,76,0.09643760000000007,500
S2,PaFAR-F,77,0.09676640000000004,500
S2,PaFAR-F,78,0.097056,500
S2,PaFAR-F,79,0.09734319999999995,500
S2,PaFAR-F,80,0.0975916,500
S2,PaFAR-F,81,0.09781999999999998,500
S2,PaFAR-F,82,0.09801879999999996,500
S2,PaFAR-F,83,0.0981775999999999,500
S2,PaFAR-F,84,0.09831519999999995,500
S2,PaFAR-F,85,0.0984236,500
S2,PaFAR-F,86,0.09851399999999998,500
S2,PaFAR-F,87,0.09858639999999996,500
S2,PaFAR-F,88,0.098634,500
S2,PaFAR-F,89,0.0986776,500
S2,PaFAR-F,90,0.09871079999999997,500
S2,PaFAR-F,91,0.09873399999999997,500
S2,PaFAR-F,92,0.09874799999999996,500
S2,PaFAR-F,93,0.09875359999999997,500
S2,PaFAR-F,94,0.09876159999999996,500
S2,PaFAR-F,95,0.09876719999999994,500
S2,PaFAR-F,96,0.09876999999999996,500
S2,PaFAR-F,97,0.09877199999999996,500
S2,PaFAR-F,98,0.09877199999999996,500
S2,PaFAR-F,99,0.09877239999999997,500
S2,PaFAR-F,100,0.09877279999999997,500
S2,PaFAR-F,101,0.09877279999999997,500
S2,PaFAR-F,102,0.09877279999999997,500
S2,PaFAR-F,103,0.09877319999999996,500
S2,PaFAR-F,104,0.09877319999999996,500
S2,PaFAR-F,105,0.09877319999999996,500
S2,PaFAR-F,106,0.09877319999999996,500
S2,PaFAR-F,107,0.09877319999999996,500
S2,PaFAR-F,108,0.09877319999999996,500
S2,PaFAR-F,109,0.09877319999999996,500
S2,PaFAR-F,110,0.09877319999999996,500
S2,PaFAR-F,111,0.09877319999999996,500
S2,PaFAR-F,112,0.09877319999999996,500
S2,PaFAR-F,113,0.09877319999999996,500
S2,PaFAR-F,114,0.09877319999999996,500
S2,PaFAR-F,115,0.09877319999999996,500
S2,PaFAR-F,116,0.09877319999999996,500
S2,PaFAR-F,117,0.09877319999999996,500
S2,PaFAR-F,118,0.09877319999999996,500
S2,PaFAR-F,119,0.09877319999999996,500
S2,PaFAR-T,0,0.0,500
S2,PaFAR-T,1,0.0,500
S2,PaFAR-T,2,0.0,500
S2,PaFAR-T,3,0.0,500
S2,PaFAR-T,4,0.0,500
S2,PaFAR-T,5,0.00998879999999999,500
S2,PaFAR-T,6,0.012857200000000003,500
S2,PaFAR-T,7,0.015567199999999998,500
S2,PaFAR-T,8,0.018148800000000027,500
S2,PaFAR-T,9,0.02068200000000001,500
S2,PaFAR-T,10,0.023092799999999993,500
S2,PaFAR-T,11,0.02549200000000002,500
S2,PaFAR-T,12,0.02798319999999998,500
S2,PaFAR-T,13,0.03030440000000002,500
S2,PaFAR-T,14,0.03257559999999999,500
S2,PaFAR-T,15,0.03475879999999999,500
S2,PaFAR-T,16,0.03690079999999999,500
S2,PaFAR-T,17,0.03904800000000006,500
S2,PaFAR-T,18,0.041200799999999975,500
S2,PaFAR-T,19,0.04324879999999998,500
S2,PaFAR-T,20,0.04525120000000001,500
S2,PaFAR-T,21,0.047263599999999996,500
S2,PaFAR-T,22,0.04922000000000003,500
S2,PaFAR-T,23,0.051144400000000007,500
S2,PaFAR-T,24,0.0531052,500
S2,PaFAR-T,25,0.0549676,500
S2,PaFAR-T,26,0.05677560000000001,500
S2,PaFAR-T,27,0.058590400000000036,500
S2,PaFAR-T,28,0.0604028,500
S2,PaFAR-T,29,0.062155199999999994,500
S2,PaFAR-T,30,0.0639352,500
S2,PaFAR-T,31,0.06570919999999998,500
S2,PaFAR-T,32,0.06742560000000002,500
S2,PaFAR-T,33,0.06915040000000007,500
S2,PaFAR-T,34,0.07073439999999995,500
S2,PaFAR-T,35,0.07232320000000005,500
S2,PaFAR-T,36,0.0738212,500
S2,PaFAR-T,37,0.07526639999999998,500
S2,PaFAR-T,38,0.07663640000000002,500
S2,PaFAR-T,39,0.07789279999999996,500
S2,PaFAR-T,40,0.07903960000000007,500
S2,PaFAR-T,41,0.0801284,500
S2,PaFAR-T,42,0.08104440000000009,500
S2,PaFAR-T,43,0.0818504,500
S2,PaFAR-T,44,0.08255239999999998,500
S2,PaFAR-T,45,0.08320359999999996,500
S2,PaFAR-T,46,0.08378800000000007,500
S2,PaFAR-T,47,0.08431040000000001,500
S2,PaFAR-T,48,0.08492439999999998,500
S2,PaFAR-T,49,0.08541040000000003,500
S2,PaFAR-T,50,0.0858596,500
S2,PaFAR-T,51,0.08631599999999996,500
S2,PaFAR-T,52,0.08677400000000006,500
S2,PaFAR-T,53,0.08721440000000004,500
S2,PaFAR-T,54,0.08764680000000005,500
S2,PaFAR-T,55,0.088058,500
S2,PaFAR-T,56,0.08846959999999994,500
S2,PaFAR-T,57,0.08888559999999995,500
S2,PaFAR-T,58,0.08929079999999999,500
S2,PaFAR-T,59,0.08969599999999994,500
S2,PaFAR-T,60,0.09010519999999994,500
S2,PaFAR-T,61,0.0904948,500
S2,PaFAR-T,62,0.0908836,500
S2,PaFAR-T,63,0.09126559999999992,500
S2,PaFAR-T,64,0.09165199999999996,500
S2,PaFAR-T,65,0.09203560000000005,500
S2,PaFAR-T,66,0.09241240000000009,500
S2,PaFAR-T,67,0.09281519999999992,500
S2,PaFAR-T,68,0.09317959999999997,500
S2,PaFAR-T,69,0.09355919999999993,500
S2,PaFAR-T,70,0.0939388,500
S2,PaFAR-T,71,0.09431520000000004,500
S2,PaFAR-T,72,0.09482400000000003,500
S2,PaFAR-T,73,0.09519919999999998,500
S2,PaFAR-T,74,0.09558919999999996,500
S2,PaFAR-T,75,0.09593559999999994,500
S2,PaFAR-T,76,0.09632359999999994,500
S2,PaFAR-T,77,0.09667759999999996,500
S2,PaFAR-T,78,0.09700319999999998,500
S2,PaFAR-T,79,0.09730320000000002,500
S2,PaFAR-T,80,0.09757519999999997,500
S2,PaFAR-T,81,0.09782359999999997,500
S2,PaFAR-T,82,0.09804480000000003,500
S2,PaFAR-T,83,0.09822280000000005,500
S2,PaFAR-T,84,0.09836280000000007,500
S2,PaFAR-T,85,0.09849040000000002,500
S2,PaFAR-T,86,0.09858279999999998,500
S2,PaFAR-T,87,0.098664,500
S2,PaFAR-T,88,0.09871960000000002,500
S2,PaFAR-T,89,0.09876880000000002,500
S2,PaFAR-T,90,0.09879760000000004,500
S2,PaFAR-T,91,0.09882040000000003,500
S2,PaFAR-T,92,0.09883600000000002,500
S2,PaFAR-T,93,0.09884160000000003,500
S2,PaFAR-T,94,0.09884800000000003,500
S2,PaFAR-T,95,0.09885360000000003,500
S2,PaFAR-T,96,0.09885720000000002,500
S2,PaFAR-T,97,0.09885880000000002,500
S2,PaFAR-T,98,0.09885960000000005,500
S2,PaFAR-T,99,0.09886000000000005,500
S2,PaFAR-T,100,0.09886040000000004,500
S2,PaFAR-T,101,0.09886040000000004,500
S2,PaFAR-T,102,0.09886040000000004,500
S2,PaFAR-T,103,0.09886080000000004,500
S2,PaFAR-T,104,0.09886080000000004,500
S2,PaFAR-T,105,0.09886080000000004,500
S2,PaFAR-T,106,0.09886080000000004,500
S2,PaFAR-T,107,0.09886080000000004,500
S2,PaFAR-T,108,0.09886080000000004,500
S2,PaFAR-T,109,0.09886080000000004,500
S2,PaFAR-T,110,0.09886080000000004,500
S2,PaFAR-T,111,0.09886080000000004,500
S2,PaFAR-T,112,0.09886080000000004,500
S2,PaFAR-T,113,0.09886080000000004,500
S2,PaFAR-T,114,0.09886080000000004,500
S2,PaFAR-T,115,0.09886080000000004,500
S2,PaFAR-T,116,0.09886080000000004,500
S2,PaFAR-T,117,0.09886080000000004,500
S2,PaFAR-T,118,0.09886080000000004,500
S2,PaFAR-T,119,0.09886080000000004,500
S2,PaFAR-HC,0,0.0,500
S2,PaFAR-HC,1,0.0,500
S2,PaFAR-HC,2,0.0,500
S2,PaFAR-HC,3,0.0,500
S2,PaFAR-HC,4,0.0,500
S2,PaFAR-HC,5,0.007361199999999991,500
S2,PaFAR-HC,6,0.0094968,500
S2,PaFAR-HC,7,0.011561999999999998,500
S2,PaFAR-HC,8,0.013561599999999993,500
S2,PaFAR-HC,9,0.015508800000000005,500
S2,PaFAR-HC,10,0.017416399999999995,500
S2,PaFAR-HC,11,0.019248800000000028,500
S2,PaFAR-HC,12,0.021069199999999996,500
S2,PaFAR-HC,13,0.022844399999999994,500
S2,PaFAR-HC,14,0.024579199999999978,500
S2,PaFAR-HC,15,0.026294800000000028,500
S2,PaFAR-HC,16,0.027972399999999998,500
S2,PaFAR-HC,17,0.029618400000000003,500
S2,PaFAR-HC,18,0.0312976,500
S2,PaFAR-HC,19,0.032912000000000004,500
S2,PaFAR-HC,20,0.03446080000000003,500
S2,PaFAR-HC,21,0.03603199999999999,500
S2,PaFAR-HC,22,0.03758320000000002,500
S2,PaFAR-HC,23,0.0391264,500
S2,PaFAR-HC,24,0.04060320000000001,500
S2,PaFAR-HC,25,0.042106399999999974,500
S2,PaFAR-HC,26,0.04353160000000001,500
S2,PaFAR-HC,27,0.04499920000000005,500
S2,PaFAR-HC,28,0.04643800000000004,500
S2,PaFAR-HC,29,0.04788200000000002,500
S2,PaFAR-HC,30,0.04928880000000004,500
S2,PaFAR-HC,31,0.05074319999999998,500
S2,PaFAR-HC,32,0.052136400000000055,500
S2,PaFAR-HC,33,0.05351720000000003,500
S2,PaFAR-HC,34,0.05482360000000002,500
S2,PaFAR-HC,35,0.05612960000000001,500
S2,PaFAR-HC,36,0.057302400000000045,500
S2,PaFAR-HC,37,0.05844879999999995,500
S2,PaFAR-HC,38,0.059566799999999975,500
S2,PaFAR-HC,39,0.06059040000000003,500
S2,PaFAR-HC,40,0.06152279999999998,500
S2,PaFAR-HC,41,0.06241200000000004,500
S2,PaFAR-HC,42,0.06314839999999998,500
S2,PaFAR-HC,43,0.0638104,500
S2,PaFAR-HC,44,0.06438039999999998,500
S2,PaFAR-HC,45,0.06492159999999991,500
S2,PaFAR-HC,46,0.06540120000000008,500
S2,PaFAR-HC,47,0.06584,500
S2,PaFAR-HC,48,0.06624680000000001,500
S2,PaFAR-HC,49,0.06661000000000004,500
S2,PaFAR-HC,50,0.06695400000000003,500
S2,PaFAR-HC,51,0.06730799999999998,500
S2,PaFAR-HC,52,0.06765239999999995,500
S2,PaFAR-HC,53,0.06798079999999998,500
S2,PaFAR-HC,54,0.06831520000000002,500
S2,PaFAR-HC,55,0.06864399999999994,500
S2,PaFAR-HC,56,0.06896319999999995,500
S2,PaFAR-HC,57,0.06928680000000004,500
S2,PaFAR-HC,58,0.06962080000000001,500
S2,PaFAR-HC,59,0.0699452,500
S2,PaFAR-HC,60,0.07027279999999991,500
S2,PaFAR-HC,61,0.07058079999999994,500
S2,PaFAR-HC,62,0.0708872,500
S2,PaFAR-HC,63,0.07119720000000004,500
S2,PaFAR-HC,64,0.07149799999999999,500
S2,PaFAR-HC,65,0.07180920000000005,500
S2,PaFAR-HC,66,0.07210480000000001,500
S2,PaFAR-HC,67,0.07241239999999999,500
S2,PaFAR-HC,68,0.0727292000000001,500
S2,PaFAR-HC,69,0.07301720000000006,500
S2,PaFAR-HC,70,0.07332279999999995,500
S2,PaFAR-HC,71,0.07361799999999998,500
S2,PaFAR-HC,72,0.07391160000000006,500
S2,PaFAR-HC,73,0.07420200000000009,500
S2,PaFAR-HC,74,0.0744872000000001,500
S2,PaFAR-HC,75,0.07474719999999993,500
S2,PaFAR-HC,76,0.07501439999999998,500
S2,PaFAR-HC,77,0.07527919999999999,500
S2,PaFAR-HC,78,0.0755144,500
S2,PaFAR-HC,79,0.07573960000000005,500
S2,PaFAR-HC,80,0.07596320000000006,500
S2,PaFAR-HC,81,0.07616200000000006,500
S2,PaFAR-HC,82,0.07631800000000011,500
S2,PaFAR-HC,83,0.07645400000000009,500
S2,PaFAR-HC,84,0.07656360000000005,500
S2,PaFAR-HC,85,0.07665760000000005,500
S2,PaFAR-HC,86,0.07673119999999999,500
S2,PaFAR-HC,87,0.07678479999999997,500
S2,PaFAR-HC,88,0.07682719999999994,500
S2,PaFAR-HC,89,0.07686319999999996,500
S2,PaFAR-HC,90,0.07688759999999994,500
S2,PaFAR-HC,91,0.07690719999999994,500
S2,PaFAR-HC,92,0.07691959999999996,500
S2,PaFAR-HC,93,0.07692399999999995,500
S2,PaFAR-HC,94,0.07692799999999995,500
S2,PaFAR-HC,95,0.07693439999999997,500
S2,PaFAR-HC,96,0.07693559999999997,500
S2,PaFAR-HC,97,0.07693679999999996,500
S2,PaFAR-HC,98,0.07693719999999996,500
S2,PaFAR-HC,99,0.07693759999999997,500
S2,PaFAR-HC,100,0.07693759999999997,500
S2,PaFAR-HC,101,0.07693799999999996,500
S2,PaFAR-HC,102,0.07693799999999996,500
S2,PaFAR-HC,103,0.07693839999999998,500
S2,PaFAR-HC,104,0.07693839999999998,500
S2,PaFAR-HC,105,0.07693839999999998,500
S2,PaFAR-HC,106,0.07693839999999998,500
S2,PaFAR-HC,107,0.07693839999999998,500
S2,PaFAR-HC,108,0.07693839999999998,500
S2,PaFAR-HC,109,0.07693839999999998,500
S2,PaFAR-HC,110,0.07693839999999998,500
S2,PaFAR-HC,111,0.07693839999999998,500
S2,PaFAR-HC,112,0.07693839999999998,500
S2,PaFAR-HC,113,0.07693839999999998,500
S2,PaFAR-HC,114,0.07693839999999998,500
S2,PaFAR-HC,115,0.07693839999999998,500
S2,PaFAR-HC,116,0.07693839999999998,500
S2,PaFAR-HC,117,0.07693839999999998,500
S2,PaFAR-HC,118,0.07693839999999998,500
S2,PaFAR-HC,119,0.07693839999999998,500
S3,Pointwise-alpha,0,0.0,500
S3,Pointwise-alpha,1,0.0,500
S3,Pointwise-alpha,2,0.0,500
S3,Pointwise-alpha,3,0.0,500
S3,Pointwise-alpha,4,0.0,500
S3,Pointwise-alpha,5,0.05168040000000003,500
S3,Pointwise-alpha,6,0.06415199999999996,500
S3,Pointwise-alpha,7,0.0762768000000001,500
S3,Pointwise-alpha,8,0.08808679999999988,500
S3,Pointwise-alpha,9,0.0996276,500
S3,Pointwise-alpha,10,0.11104679999999996,500
S3,Pointwise-alpha,11,0.1222776000000001,500
S3,Pointwise-alpha,12,0.13342000000000004,500
S3,Pointwise-alpha,13,0.1445119999999999,500
S3,Pointwise-alpha,14,0.15542960000000003,500
S3,Pointwise-alpha,15,0.16610759999999994,500
S3,Pointwise-alpha,16,0.1767859999999999,500
S3,Pointwise-alpha,17,0.1873723999999999,500
S3,Pointwise-alpha,18,0.1978927999999999,500
S3,Pointwise-alpha,19,0.20817800000000017,500
S3,Pointwise-alpha,20,0.21841280000000002,500
S3,Pointwise-alpha,21,0.22842799999999983,500
S3,Pointwise-alpha,22,0.23849119999999996,500
S3,Pointwise-alpha,23,0.24835199999999985,500
S3,Pointwise-alpha,24,0.25812679999999993,500
S3,Pointwise-alpha,25,0.26764360000000004,500
S3,Pointwise-alpha,26,0.2772344000000003,500
S3,Pointwise-alpha,27,0.2866652000000002,500
S3,Pointwise-alpha,28,0.2959484000000001,500
S3,Pointwise-alpha,29,0.30523880000000003,500
S3,Pointwise-alpha,30,0.3142932000000002,500
S3,Pointwise-alpha,31,0.3232768000000001,500
S3,Pointwise-alpha,32,0.332094,500
S3,Pointwise-alpha,33,0.34078919999999974,500
S3,Pointwise-alpha,34,0.34932200000000024,500
S3,Pointwise-alpha,35,0.3575328000000005,500
S3,Pointwise-alpha,36,0.36545120000000014,500
S3,Pointwise-alpha,37,0.3729919999999999,500
S3,Pointwise-alpha,38,0.3800740000000001,500
S3,Pointwise-alpha,39,0.38660400000000006,500
S3,Pointwise-alpha,40,0.3925332,500
S3,Pointwise-alpha,41,0.39781319999999976,500
S3,Pointwise-alpha,42,0.4025647999999997,500
S3,Pointwise-alpha,43,0.40682919999999984,500
S3,Pointwise-alpha,44,0.4105707999999999,500
S3,Pointwise-alpha,45,0.41387640000000014,500
S3,Pointwise-alpha,46,0.41680919999999977,500
S3,Pointwise-alpha,47,0.4195279999999999,500
S3,Pointwise-alpha,48,0.4220324000000002,500
S3,Pointwise-alpha,49,0.42437040000000015,500
S3,Pointwise-alpha,50,0.42657440000000013,500
S3,Pointwise-alpha,51,0.42872360000000004,500
S3,Pointwise-alpha,52,0.43076279999999995,500
S3,Pointwise-alpha,53,0.43275599999999964,500
S3,Pointwise-alpha,54,0.4347652000000005,500
S3,Pointwise-alpha,55,0.4367231999999997,500
S3,Pointwise-alpha,56,0.4386828000000001,500
S3,Pointwise-alpha,57,0.44060440000000006,500
S3,Pointwise-alpha,58,0.4425191999999999,500
S3,Pointwise-alpha,59,0.44432800000000017,500
S3,Pointwise-alpha,60,0.4461871999999998,500
S3,Pointwise-alpha,61,0.44796399999999975,500
S3,Pointwise-alpha,62,0.4497979999999994,500
S3,Pointwise-alpha,63,0.4515580000000003,500
S3,Pointwise-alpha,64,0.4532495999999998,500
S3,Pointwise-alpha,65,0.4549087999999998,500
S3,Pointwise-alpha,66,0.45659160000000043,500
S3,Pointwise-alpha,67,0.45827520000000005,500
S3,Pointwise-alpha,68,0.45991160000000053,500
S3,Pointwise-alpha,69,0.4614852000000001,500
S3,Pointwise-alpha,70,0.46308000000000077,500
S3,Pointwise-alpha,71,0.4646100000000002,500
S3,Pointwise-alpha,72,0.46618440000000033,500
S3,Pointwise-alpha,73,0.46765760000000006,500
S3,Pointwise-alpha,74,0.46909680000000004,500
S3,Pointwise-alpha,75,0.4705003999999999,500
S3,Pointwise-alpha,76,0.47189919999999985,500
S3,Pointwise-alpha,77,0.4731952000000006,500
S3,Pointwise-alpha,78,0.47443279999999965,500
S3,Pointwise-alpha,79,0.4755899999999998,500
S3,Pointwise-alpha,80,0.4766083999999999,500
S3,Pointwise-alpha,81,0.47755440000000043,500
S3,Pointwise-alpha,82,0.47835839999999974,500
S3,Pointwise-alpha,83,0.47903960000000007,500
S3,Pointwise-alpha,84,0.4796144,500
S3,Pointwise-alpha,85,0.4800891999999997,500
S3,Pointwise-alpha,86,0.48045879999999985,500
S3,Pointwise-alpha,87,0.48074480000000014,500
S3,Pointwise-alpha,88,0.48097199999999973,500
S3,Pointwise-alpha,89,0.48113399999999984,500
S3,Pointwise-alpha,90,0.48124880000000003,500
S3,Pointwise-alpha,91,0.48133519999999996,500
S3,Pointwise-alpha,92,0.4813871999999999,500
S3,Pointwise-alpha,93,0.4814215999999998,500
S3,Pointwise-alpha,94,0.48144399999999987,500
S3,Pointwise-alpha,95,0.4814551999999997,500
S3,Pointwise-alpha,96,0.4814651999999998,500
S3,Pointwise-alpha,97,0.48147039999999997,500
S3,Pointwise-alpha,98,0.4814744,500
S3,Pointwise-alpha,99,0.48147639999999997,500
S3,Pointwise-alpha,100,0.481478,500
S3,Pointwise-alpha,101,0.48147840000000003,500
S3,Pointwise-alpha,102,0.48147840000000003,500
S3,Pointwise-alpha,103,0.48147840000000003,500
S3,Pointwise-alpha,104,0.48147840000000003,500
S3,Pointwise-alpha,105,0.48147840000000003,500
S3,Pointwise-alpha,106,0.48147840000000003,500
S3,Pointwise-alpha,107,0.48147840000000003,500
S3,Pointwise-alpha,108,0.48147840000000003,500
S3,Pointwise-alpha,109,0.48147840000000003,500
S3,Pointwise-alpha,110,0.48147840000000003,500
S3,Pointwise-alpha,111,0.48147840000000003,500
S3,Pointwise-alpha,112,0.48147840000000003,500
S3,Pointwise-alpha,113,0.48147840000000003,500
S3,Pointwise-alpha,114,0.48147840000000003,500
S3,Pointwise-alpha,115,0.48147840000000003,500
S3,Pointwise-alpha,116,0.48147840000000003,500
S3,Pointwise-alpha,117,0.48147840000000003,500
S3,Pointwise-alpha,118,0.48147840000000003,500
S3,Pointwise-alpha,119,0.48147840000000003,500
S3,Binwise Bonferroni,0,0.0,500
S3,Binwise Bonferroni,1,0.0,500
S3,Binwise Bonferroni,2,0.0,500
S3,Binwise Bonferroni,3,0.0,500
S3,Binwise Bonferroni,4,0.0,500
S3,Binwise Bonferroni,5,0.006550399999999998,500
S3,Binwise Bonferroni,6,0.0086952,500
S3,Binwise Bonferroni,7,0.010901200000000002,500
S3,Binwise Bonferroni,8,0.01312720000000001,500
S3,Binwise Bonferroni,9,0.015311599999999996,500
S3,Binwise Bonferroni,10,0.017571199999999974,500
S3,Binwise Bonferroni,11,0.019944400000000008,500
S3,Binwise Bonferroni,12,0.020334000000000015,500
S3,Binwise Bonferroni,13,0.021259599999999986,500
S3,Binwise Bonferroni,14,0.02226160000000001,500
S3,Binwise Bonferroni,15,0.023362399999999995,500
S3,Binwise Bonferroni,16,0.0245528,500
S3,Binwise Bonferroni,17,0.02574839999999997,500
S3,Binwise Bonferroni,18,0.026985199999999984,500
S3,Binwise Bonferroni,19,0.028262000000000002,500
S3,Binwise Bonferroni,20,0.029581599999999982,500
S3,Binwise Bonferroni,21,0.03091280000000003,500
S3,Binwise Bonferroni,22,0.032290400000000004,500
S3,Binwise Bonferroni,23,0.03365960000000002,500
S3,Binwise Bonferroni,24,0.0338324,500
S3,Binwise Bonferroni,25,0.034294799999999966,500
S3,Binwise Bonferroni,26,0.03483200000000001,500
S3,Binwise Bonferroni,27,0.03538319999999997,500
S3,Binwise Bonferroni,28,0.03597159999999997,500
S3,Binwise Bonferroni,29,0.03657679999999998,500
S3,Binwise Bonferroni,30,0.037200399999999974,500
S3,Binwise Bonferroni,31,0.0378552,500
S3,Binwise Bonferroni,32,0.038512000000000005,500
S3,Binwise Bonferroni,33,0.039225600000000006,500
S3,Binwise Bonferroni,34,0.039918400000000034,500
S3,Binwise Bonferroni,35,0.04060880000000001,500
S3,Binwise Bonferroni,36,0.04130120000000003,500
S3,Binwise Bonferroni,37,0.04198120000000002,500
S3,Binwise Bonferroni,38,0.042664000000000035,500
S3,Binwise Bonferroni,39,0.04328079999999995,500
S3,Binwise Bonferroni,40,0.04387879999999996,500
S3,Binwise Bonferroni,41,0.044398800000000016,500
S3,Binwise Bonferroni,42,0.04489760000000001,500
S3,Binwise Bonferroni,43,0.04537679999999999,500
S3,Binwise Bonferroni,44,0.045778000000000006,500
S3,Binwise Bonferroni,45,0.04617680000000004,500
S3,Binwise Bonferroni,46,0.04653759999999999,500
S3,Binwise Bonferroni,47,0.04688480000000006,500
S3,Binwise Bonferroni,48,0.04797759999999997,500
S3,Binwise Bonferroni,49,0.04858520000000002,500
S3,Binwise Bonferroni,50,0.049146799999999956,500
S3,Binwise Bonferroni,51,0.0497148,500
S3,Binwise Bonferroni,52,0.050294799999999994,500
S3,Binwise Bonferroni,53,0.05082519999999997,500
S3,Binwise Bonferroni,54,0.05136400000000002,500
S3,Binwise Bonferroni,55,0.0519224,500
S3,Binwise Bonferroni,56,0.05244079999999999,500
S3,Binwise Bonferroni,57,0.05298920000000003,500
S3,Binwise Bonferroni,58,0.05353639999999997,500
S3,Binwise Bonferroni,59,0.05408680000000002,500
S3,Binwise Bonferroni,60,0.05461599999999994,500
S3,Binwise Bonferroni,61,0.05519040000000002,500
S3,Binwise Bonferroni,62,0.055742400000000025,500
S3,Binwise Bonferroni,63,0.056308799999999964,500
S3,Binwise Bonferroni,64,0.056874800000000045,500
S3,Binwise Bonferroni,65,0.05747079999999995,500
S3,Binwise Bonferroni,66,0.058040800000000024,500
S3,Binwise Bonferroni,67,0.05863600000000002,500
S3,Binwise Bonferroni,68,0.05919839999999996,500
S3,Binwise Bonferroni,69,0.05979639999999999,500
S3,Binwise Bonferroni,70,0.06037880000000003,500
S3,Binwise Bonferroni,71,0.060970399999999994,500
S3,Binwise Bonferroni,72,0.062255200000000045,500
S3,Binwise Bonferroni,73,0.06308880000000001,500
S3,Binwise Bonferroni,74,0.06388920000000002,500
S3,Binwise Bonferroni,75,0.06468480000000001,500
S3,Binwise Bonferroni,76,0.06549720000000002,500
S3,Binwise Bonferroni,77,0.06623719999999991,500
S3,Binwise Bonferroni,78,0.06693040000000006,500
S3,Binwise Bonferroni,79,0.0676216,500
S3,Binwise Bonferroni,80,0.06825479999999998,500
S3,Binwise Bonferroni,81,0.06883959999999993,500
S3,Binwise Bonferroni,82,0.06934599999999998,500
S3,Binwise Bonferroni,83,0.06978839999999999,500
S3,Binwise Bonferroni,84,0.07015639999999998,500
S3,Binwise Bonferroni,85,0.07047360000000001,500
S3,Binwise Bonferroni,86,0.0707256,500
S3,Binwise Bonferroni,87,0.07091679999999999,500
S3,Binwise Bonferroni,88,0.07107200000000005,500
S3,Binwise Bonferroni,89,0.07119160000000006,500
S3,Binwise Bonferroni,90,0.07127520000000005,500
S3,Binwise Bonferroni,91,0.07133000000000006,500
S3,Binwise Bonferroni,92,0.07136680000000001,500
S3,Binwise Bonferroni,93,0.07139399999999999,500
S3,Binwise Bonferroni,94,0.07140639999999998,500
S3,Binwise Bonferroni,95,0.07141639999999998,500
S3,Binwise Bonferroni,96,0.07142319999999996,500
S3,Binwise Bonferroni,97,0.07142719999999997,500
S3,Binwise Bonferroni,98,0.07143079999999996,500
S3,Binwise Bonferroni,99,0.07143279999999996,500
S3,Binwise Bonferroni,100,0.07143399999999996,500
S3,Binwise Bonferroni,101,0.07143399999999996,500
S3,Binwise Bonferroni,102,0.07143399999999996,500
S3,Binwise Bonferroni,103,0.07143399999999996,500
S3,Binwise Bonferroni,104,0.07143399999999996,500
S3,Binwise Bonferroni,105,0.07143399999999996,500
S3,Binwise Bonferroni,106,0.07143399999999996,500
S3,Binwise Bonferroni,107,0.07143399999999996,500
S3,Binwise Bonferroni,108,0.07143399999999996,500
S3,Binwise Bonferroni,109,0.07143399999999996,500
S3,Binwise Bonferroni,110,0.07143399999999996,500
S3,Binwise Bonferroni,111,0.07143399999999996,500
S3,Binwise Bonferroni,112,0.07143399999999996,500
S3,Binwise Bonferroni,113,0.07143399999999996,500
S3,Binwise Bonferroni,114,0.07143399999999996,500
S3,Binwise Bonferroni,115,0.07143399999999996,500
S3,Binwise Bonferroni,116,0.07143399999999996,500
S3,Binwise Bonferroni,117,0.07143399999999996,500
S3,Binwise Bonferroni,118,0.07143399999999996,500
S3,Binwise Bonferroni,119,0.07143399999999996,500
S3,PaFAR-F,0,0.0,500
S3,PaFAR-F,1,0.0,500
S3,PaFAR-F,2,0.0,500
S3,PaFAR-F,3,0.0,500
S3,PaFAR-F,4,0.0,500
S3,PaFAR-F,5,0.0034016000000000003,500
S3,PaFAR-F,6,0.004607199999999998,500
S3,PaFAR-F,7,0.005808799999999997,500
S3,PaFAR-F,8,0.007079199999999995,500
S3,PaFAR-F,9,0.008321600000000002,500
S3,PaFAR-F,10,0.009641600000000002,500
S3,PaFAR-F,11,0.010982400000000007,500
S3,PaFAR-F,12,0.012389199999999994,500
S3,PaFAR-F,13,0.013806399999999995,500
S3,PaFAR-F,14,0.01524,500
S3,PaFAR-F,15,0.016734400000000003,500
S3,PaFAR-F,16,0.01829399999999999,500
S3,PaFAR-F,17,0.019902800000000005,500
S3,PaFAR-F,18,0.02155480000000001,500
S3,PaFAR-F,19,0.02321800000000002,500
S3,PaFAR-F,20,0.024949199999999994,500
S3,PaFAR-F,21,0.02664719999999999,500
S3,PaFAR-F,22,0.028378800000000034,500
S3,PaFAR-F,23,0.030127999999999967,500
S3,PaFAR-F,24,0.031955599999999994,500
S3,PaFAR-F,25,0.033819599999999984,500
S3,PaFAR-F,26,0.035681600000000015,500
S3,PaFAR-F,27,0.03759840000000002,500
S3,PaFAR-F,28,0.03955240000000006,500
S3,PaFAR-F,29,0.041602799999999995,500
S3,PaFAR-F,30,0.04357120000000004,500
S3,PaFAR-F,31,0.04558439999999996,500
S3,PaFAR-F,32,0.04763919999999999,500
S3,PaFAR-F,33,0.04970759999999998,500
S3,PaFAR-F,34,0.051865600000000005,500
S3,PaFAR-F,35,0.05389239999999996,500
S3,PaFAR-F,36,0.05593120000000004,500
S3,PaFAR-F,37,0.05797159999999997,500
S3,PaFAR-F,38,0.05985679999999999,500
S3,PaFAR-F,39,0.06169639999999999,500
S3,PaFAR-F,40,0.06333600000000002,500
S3,PaFAR-F,41,0.06491080000000002,500
S3,PaFAR-F,42,0.06631480000000006,500
S3,PaFAR-F,43,0.06758879999999995,500
S3,PaFAR-F,44,0.06876640000000002,500
S3,PaFAR-F,45,0.06986440000000005,500
S3,PaFAR-F,46,0.07080279999999994,500
S3,PaFAR-F,47,0.07170519999999998,500
S3,PaFAR-F,48,0.07255000000000011,500
S3,PaFAR-F,49,0.07336960000000003,500
S3,PaFAR-F,50,0.0741511999999999,500
S3,PaFAR-F,51,0.07494120000000007,500
S3,PaFAR-F,52,0.07571439999999999,500
S3,PaFAR-F,53,0.07647039999999998,500
S3,PaFAR-F,54,0.0772368,500
S3,PaFAR-F,55,0.07799279999999997,500
S3,PaFAR-F,56,0.07874479999999999,500
S3,PaFAR-F,57,0.079542,500
S3,PaFAR-F,58,0.08030080000000012,500
S3,PaFAR-F,59,0.08106319999999999,500
S3,PaFAR-F,60,0.0818432,500
S3,PaFAR-F,61,0.08262440000000006,500
S3,PaFAR-F,62,0.0833928,500
S3,PaFAR-F,63,0.08416439999999999,500
S3,PaFAR-F,64,0.08496039999999996,500
S3,PaFAR-F,65,0.08577880000000004,500
S3,PaFAR-F,66,0.08658200000000002,500
S3,PaFAR-F,67,0.08739920000000011,500
S3,PaFAR-F,68,0.08821239999999994,500
S3,PaFAR-F,69,0.08901680000000006,500
S3,PaFAR-F,70,0.08984480000000004,500
S3,PaFAR-F,71,0.09067439999999997,500
S3,PaFAR-F,72,0.09147959999999987,500
S3,PaFAR-F,73,0.09228920000000013,500
S3,PaFAR-F,74,0.0930628000000001,500
S3,PaFAR-F,75,0.0938811999999999,500
S3,PaFAR-F,76,0.09466479999999998,500
S3,PaFAR-F,77,0.09541439999999997,500
S3,PaFAR-F,78,0.09612960000000006,500
S3,PaFAR-F,79,0.0968264,500
S3,PaFAR-F,80,0.09744160000000006,500
S3,PaFAR-F,81,0.09802600000000003,500
S3,PaFAR-F,82,0.09852440000000003,500
S3,PaFAR-F,83,0.09898199999999996,500
S3,PaFAR-F,84,0.09935839999999999,500
S3,PaFAR-F,85,0.09968439999999991,500
S3,PaFAR-F,86,0.09993519999999992,500
S3,PaFAR-F,87,0.10013319999999995,500
S3,PaFAR-F,88,0.10029519999999992,500
S3,PaFAR-F,89,0.10041359999999994,500
S3,PaFAR-F,90,0.10049239999999998,500
S3,PaFAR-F,91,0.100544,500
S3,PaFAR-F,92,0.1005844,500
S3,PaFAR-F,93,0.1006112,500
S3,PaFAR-F,94,0.10063040000000001,500
S3,PaFAR-F,95,0.1006408,500
S3,PaFAR-F,96,0.10064680000000001,500
S3,PaFAR-F,97,0.10065119999999998,500
S3,PaFAR-F,98,0.1006544,500
S3,PaFAR-F,99,0.1006564,500
S3,PaFAR-F,100,0.10065759999999997,500
S3,PaFAR-F,101,0.10065759999999997,500
S3,PaFAR-F,102,0.10065799999999998,500
S3,PaFAR-F,103,0.10065799999999998,500
S3,PaFAR-F,104,0.10065799999999998,500
S3,PaFAR-F,105,0.10065799999999998,500
S3,PaFAR-F,106,0.10065799999999998,500
S3,PaFAR-F,107,0.10065799999999998,500
S3,PaFAR-F,108,0.10065799999999998,500
S3,PaFAR-F,109,0.10065799999999998,500
S3,PaFAR-F,110,0.10065799999999998,500
S3,PaFAR-F,111,0.10065799999999998,500
S3,PaFAR-F,112,0.10065799999999998,500
S3,PaFAR-F,113,0.10065799999999998,500
S3,PaFAR-F,114,0.10065799999999998,500
S3,PaFAR-F,115,0.10065799999999998,500
S3,PaFAR-F,116,0.10065799999999998,500
S3,PaFAR-F,117,0.10065799999999998,500
S3,PaFAR-F,118,0.10065799999999998,500
S3,PaFAR-F,119,0.10065799999999998,500
S3,PaFAR-T,0,0.0,500
S3,PaFAR-T,1,0.0,500
S3,PaFAR-T,2,0.0,500
S3,PaFAR-T,3,0.0,500
S3,PaFAR-T,4,0.0,500
S3,PaFAR-T,5,0.008760800000000001,500
S3,PaFAR-T,6,0.011465200000000005,500
S3,PaFAR-T,7,0.014259600000000011,500
S3,PaFAR-T,8,0.017093199999999996,500
S3,PaFAR-T,9,0.01991919999999998,500
S3,PaFAR-T,10,0.022833199999999998,500
S3,PaFAR-T,11,0.02581199999999999,500
S3,PaFAR-T,12,0.027017999999999986,500
S3,PaFAR-T,13,0.028875200000000007,500
S3,PaFAR-T,14,0.0308648,500
S3,PaFAR-T,15,0.032998400000000046,500
S3,PaFAR-T,16,0.03511120000000004,500
S3,PaFAR-T,17,0.03730479999999999,500
S3,PaFAR-T,18,0.039567600000000015,500
S3,PaFAR-T,19,0.04189839999999995,500
S3,PaFAR-T,20,0.04423680000000001,500
S3,PaFAR-T,21,0.04655560000000001,500
S3,PaFAR-T,22,0.04889000000000002,500
S3,PaFAR-T,23,0.05133639999999999,500
S3,PaFAR-T,24,0.052118000000000005,500
S3,PaFAR-T,25,0.053542400000000025,500
S3,PaFAR-T,26,0.05504040000000001,500
S3,PaFAR-T,27,0.0565908,500
S3,PaFAR-T,28,0.05821359999999997,500
S3,PaFAR-T,29,0.05993480000000004,500
S3,PaFAR-T,30,0.06157679999999999,500
S3,PaFAR-T,31,0.06327920000000006,500
S3,PaFAR-T,32,0.06503680000000006,500
S3,PaFAR-T,33,0.06677880000000001,500
S3,PaFAR-T,34,0.06860400000000007,500
S3,PaFAR-T,35,0.07034400000000007,500
S3,PaFAR-T,36,0.07208799999999999,500
S3,PaFAR-T,37,0.0738331999999999,500
S3,PaFAR-T,38,0.07547519999999999,500
S3,PaFAR-T,39,0.07704279999999995,500
S3,PaFAR-T,40,0.07849079999999996,500
S3,PaFAR-T,41,0.07982600000000009,500
S3,PaFAR-T,42,0.08106639999999994,500
S3,PaFAR-T,43,0.08216200000000004,500
S3,PaFAR-T,44,0.08321839999999998,500
S3,PaFAR-T,45,0.08417280000000002,500
S3,PaFAR-T,46,0.08502359999999996,500
S3,PaFAR-T,47,0.08580239999999996,500
S3,PaFAR-T,48,0.08607519999999995,500
S3,PaFAR-T,49,0.08647839999999994,500
S3,PaFAR-T,50,0.08689639999999992,500
S3,PaFAR-T,51,0.08732120000000002,500
S3,PaFAR-T,52,0.08774400000000002,500
S3,PaFAR-T,53,0.0881616,500
S3,PaFAR-T,54,0.08858999999999999,500
S3,PaFAR-T,55,0.08902639999999995,500
S3,PaFAR-T,56,0.08944400000000004,500
S3,PaFAR-T,57,0.08986440000000007,500
S3,PaFAR-T,58,0.09031080000000001,500
S3,PaFAR-T,59,0.09072080000000002,500
S3,PaFAR-T,60,0.09114519999999997,500
S3,PaFAR-T,61,0.09161519999999998,500
S3,PaFAR-T,62,0.0920744,500
S3,PaFAR-T,63,0.09248880000000005,500
S3,PaFAR-T,64,0.09295280000000003,500
S3,PaFAR-T,65,0.09341839999999993,500
S3,PaFAR-T,66,0.09389159999999998,500
S3,PaFAR-T,67,0.09435960000000006,500
S3,PaFAR-T,68,0.09483480000000005,500
S3,PaFAR-T,69,0.09532959999999994,500
S3,PaFAR-T,70,0.0958208,500
S3,PaFAR-T,71,0.0962876000000001,500
S3,PaFAR-T,72,0.09661000000000008,500
S3,PaFAR-T,73,0.09697040000000008,500
S3,PaFAR-T,74,0.09734119999999997,500
S3,PaFAR-T,75,0.09770880000000003,500
S3,PaFAR-T,76,0.09806400000000003,500
S3,PaFAR-T,77,0.09842480000000005,500
S3,PaFAR-T,78,0.09876560000000008,500
S3,PaFAR-T,79,0.09907120000000005,500
S3,PaFAR-T,80,0.09936599999999997,500
S3,PaFAR-T,81,0.09964200000000006,500
S3,PaFAR-T,82,0.09989119999999999,500
S3,PaFAR-T,83,0.1001036,500
S3,PaFAR-T,84,0.10029119999999996,500
S3,PaFAR-T,85,0.10042359999999996,500
S3,PaFAR-T,86,0.1005568,500
S3,PaFAR-T,87,0.10064799999999995,500
S3,PaFAR-T,88,0.10072159999999994,500
S3,PaFAR-T,89,0.10078359999999995,500
S3,PaFAR-T,90,0.10081919999999996,500
S3,PaFAR-T,91,0.10084719999999996,500
S3,PaFAR-T,92,0.10086319999999993,500
S3,PaFAR-T,93,0.10087799999999993,500
S3,PaFAR-T,94,0.10088519999999992,500
S3,PaFAR-T,95,0.10089119999999993,500
S3,PaFAR-T,96,0.10089479999999992,500
S3,PaFAR-T,97,0.10089679999999991,500
S3,PaFAR-T,98,0.1008979999999999,500
S3,PaFAR-T,99,0.10089879999999991,500
S3,PaFAR-T,100,0.10089879999999991,500
S3,PaFAR-T,101,0.10089919999999991,500
S3,PaFAR-T,102,0.10089919999999991,500
S3,PaFAR-T,103,0.10089919999999991,500
S3,PaFAR-T,104,0.10089919999999991,500
S3,PaFAR-T,105,0.10089919999999991,500
S3,PaFAR-T,106,0.10089919999999991,500
S3,PaFAR-T,107,0.10089919999999991,500
S3,PaFAR-T,108,0.10089919999999991,500
S3,PaFAR-T,109,0.10089919999999991,500
S3,PaFAR-T,110,0.10089919999999991,500
S3,PaFAR-T,111,0.10089919999999991,500
S3,PaFAR-T,112,0.10089919999999991,500
S3,PaFAR-T,113,0.10089919999999991,500
S3,PaFAR-T,114,0.10089919999999991,500
S3,PaFAR-T,115,0.10089919999999991,500
S3,PaFAR-T,116,0.10089919999999991,500
S3,PaFAR-T,117,0.10089919999999991,500
S3,PaFAR-T,118,0.10089919999999991,500
S3,PaFAR-T,119,0.10089919999999991,500
S3,PaFAR-HC,0,0.0,500
S3,PaFAR-HC,1,0.0,500
S3,PaFAR-HC,2,0.0,500
S3,PaFAR-HC,3,0.0,500
S3,PaFAR-HC,4,0.0,500
S3,PaFAR-HC,5,0.0023460000000000004,500
S3,PaFAR-HC,6,0.0031839999999999963,500
S3,PaFAR-HC,7,0.004044399999999996,500
S3,PaFAR-HC,8,0.004966,500
S3,PaFAR-HC,9,0.005887999999999998,500
S3,PaFAR-HC,10,0.006825199999999987,500
S3,PaFAR-HC,11,0.007793199999999994,500
S3,PaFAR-HC,12,0.008823999999999999,500
S3,PaFAR-HC,13,0.009875200000000004,500
S3,PaFAR-HC,14,0.010919200000000006,500
S3,PaFAR-HC,15,0.0120296,500
S3,PaFAR-HC,16,0.013181199999999999,500
S3,PaFAR-HC,17,0.014353199999999984,500
S3,PaFAR-HC,18,0.015573599999999996,500
S3,PaFAR-HC,19,0.016816400000000023,500
S3,PaFAR-HC,20,0.018106400000000022,500
S3,PaFAR-HC,21,0.019387200000000028,500
S3,PaFAR-HC,22,0.020711599999999993,500
S3,PaFAR-HC,23,0.022016799999999996,500
S3,PaFAR-HC,24,0.023396400000000008,500
S3,PaFAR-HC,25,0.024805599999999973,500
S3,PaFAR-HC,26,0.0262336,500
S3,PaFAR-HC,27,0.027700399999999972,500
S3,PaFAR-HC,28,0.029169999999999974,500
S3,PaFAR-HC,29,0.030722399999999983,500
S3,PaFAR-HC,30,0.03226639999999997,500
S3,PaFAR-HC,31,0.0338168,500
S3,PaFAR-HC,32,0.03542680000000002,500
S3,PaFAR-HC,33,0.037017200000000014,500
S3,PaFAR-HC,34,0.03864240000000001,500
S3,PaFAR-HC,35,0.040286000000000044,500
S3,PaFAR-HC,36,0.041854799999999984,500
S3,PaFAR-HC,37,0.04342440000000001,500
S3,PaFAR-HC,38,0.044915600000000076,500
S3,PaFAR-HC,39,0.04635359999999996,500
S3,PaFAR-HC,40,0.04765280000000001,500
S3,PaFAR-HC,41,0.048876,500
S3,PaFAR-HC,42,0.05000679999999997,500
S3,PaFAR-HC,43,0.051023200000000005,500
S3,PaFAR-HC,44,0.05196560000000003,500
S3,PaFAR-HC,45,0.05284319999999998,500
S3,PaFAR-HC,46,0.053591199999999964,500
S3,PaFAR-HC,47,0.0543308,500
S3,PaFAR-HC,48,0.05501919999999998,500
S3,PaFAR-HC,49,0.05566999999999998,500
S3,PaFAR-HC,50,0.05631519999999999,500
S3,PaFAR-HC,51,0.056961200000000003,500
S3,PaFAR-HC,52,0.05759239999999997,500
S3,PaFAR-HC,53,0.058204,500
S3,PaFAR-HC,54,0.058813999999999984,500
S3,PaFAR-HC,55,0.059451999999999935,500
S3,PaFAR-HC,56,0.06006080000000004,500
S3,PaFAR-HC,57,0.060712000000000016,500
S3,PaFAR-HC,58,0.06133559999999997,500
S3,PaFAR-HC,59,0.061969200000000016,500
S3,PaFAR-HC,60,0.06258759999999997,500
S3,PaFAR-HC,61,0.06322720000000005,500
S3,PaFAR-HC,62,0.06387679999999993,500
S3,PaFAR-HC,63,0.06452680000000002,500
S3,PaFAR-HC,64,0.06516439999999994,500
S3,PaFAR-HC,65,0.06581960000000002,500
S3,PaFAR-HC,66,0.06649640000000008,500
S3,PaFAR-HC,67,0.06716039999999995,500
S3,PaFAR-HC,68,0.06781679999999998,500
S3,PaFAR-HC,69,0.06849159999999994,500
S3,PaFAR-HC,70,0.06918000000000007,500
S3,PaFAR-HC,71,0.06983920000000002,500
S3,PaFAR-HC,72,0.07053519999999999,500
S3,PaFAR-HC,73,0.07121039999999995,500
S3,PaFAR-HC,74,0.07186560000000002,500
S3,PaFAR-HC,75,0.07255480000000006,500
S3,PaFAR-HC,76,0.07322799999999997,500
S3,PaFAR-HC,77,0.07386159999999993,500
S3,PaFAR-HC,78,0.07446799999999998,500
S3,PaFAR-HC,79,0.07503359999999995,500
S3,PaFAR-HC,80,0.07556,500
S3,PaFAR-HC,81,0.0760664,500
S3,PaFAR-HC,82,0.07649559999999998,500
S3,PaFAR-HC,83,0.07687400000000003,500
S3,PaFAR-HC,84,0.07718760000000005,500
S3,PaFAR-HC,85,0.07744000000000002,500
S3,PaFAR-HC,86,0.07767479999999997,500
S3,PaFAR-HC,87,0.07784639999999998,500
S3,PaFAR-HC,88,0.07797999999999997,500
S3,PaFAR-HC,89,0.07806919999999994,500
S3,PaFAR-HC,90,0.07813959999999996,500
S3,PaFAR-HC,91,0.07818319999999997,500
S3,PaFAR-HC,92,0.07821559999999995,500
S3,PaFAR-HC,93,0.07823959999999999,500
S3,PaFAR-HC,94,0.07824839999999998,500
S3,PaFAR-HC,95,0.07825719999999999,500
S3,PaFAR-HC,96,0.0782652,500
S3,PaFAR-HC,97,0.07826799999999998,500
S3,PaFAR-HC,98,0.07827119999999997,500
S3,PaFAR-HC,99,0.07827239999999998,500
S3,PaFAR-HC,100,0.07827279999999999,500
S3,PaFAR-HC,101,0.07827319999999997,500
S3,PaFAR-HC,102,0.07827319999999997,500
S3,PaFAR-HC,103,0.07827319999999997,500
S3,PaFAR-HC,104,0.07827319999999997,500
S3,PaFAR-HC,105,0.07827319999999997,500
S3,PaFAR-HC,106,0.07827319999999997,500
S3,PaFAR-HC,107,0.07827319999999997,500
S3,PaFAR-HC,108,0.07827319999999997,500
S3,PaFAR-HC,109,0.07827319999999997,500
S3,PaFAR-HC,110,0.07827319999999997,500
S3,PaFAR-HC,111,0.07827319999999997,500
S3,PaFAR-HC,112,0.07827319999999997,500
S3,PaFAR-HC,113,0.07827319999999997,500
S3,PaFAR-HC,114,0.07827319999999997,500
S3,PaFAR-HC,115,0.07827319999999997,500
S3,PaFAR-HC,116,0.07827319999999997,500
S3,PaFAR-HC,117,0.07827319999999997,500
S3,PaFAR-HC,118,0.07827319999999997,500
S3,PaFAR-HC,119,0.07827319999999997,500
E1,Pointwise-alpha,0,0.0,100
E1,Pointwise-alpha,1,0.0,100
E1,Pointwise-alpha,2,0.0,100
E1,Pointwise-alpha,3,0.0,100
E1,Pointwise-alpha,4,0.0,100
E1,Pointwise-alpha,5,0.10151677732571189,100
E1,Pointwise-alpha,6,0.13365172885891297,100
E1,Pointwise-alpha,7,0.16991130096061538,100
E1,Pointwise-alpha,8,0.20892217668877677,100
E1,Pointwise-alpha,9,0.24711545175174485,100
E1,Pointwise-alpha,10,0.2808467533690259,100
E1,Pointwise-alpha,11,0.312486637892573,100
E1,Pointwise-alpha,12,0.3395776952429555,100
E1,Pointwise-alpha,13,0.3648962936091305,100
E1,Pointwise-alpha,14,0.38886418565981645,100
E1,Pointwise-alpha,15,0.4098105130229574,100
E1,Pointwise-alpha,16,0.428538767821679,100
E1,Pointwise-alpha,17,0.44594222442345627,100
E1,Pointwise-alpha,18,0.46186255764563405,100
E1,Pointwise-alpha,19,0.47657182672232046,100
E1,Pointwise-alpha,20,0.4901026006379372,100
E1,Pointwise-alpha,21,0.5014803079547235,100
E1,Pointwise-alpha,22,0.5119403535628202,100
E1,Pointwise-alpha,23,0.5220712390174707,100
E1,Pointwise-alpha,24,0.5311218873583027,100
E1,Pointwise-alpha,25,0.5393749008323206,100
E1,Pointwise-alpha,26,0.5472438621914022,100
E1,Pointwise-alpha,27,0.5543023922643902,100
E1,Pointwise-alpha,28,0.5606045008544591,100
E1,Pointwise-alpha,29,0.5664777808666619,100
E1,Pointwise-alpha,30,0.5718852708468117,100
E1,Pointwise-alpha,31,0.5766056145408068,100
E1,Pointwise-alpha,32,0.5805193737401221,100
E1,Pointwise-alpha,33,0.5842548235771193,100
E1,Pointwise-alpha,34,0.5874519179570171,100
E1,Pointwise-alpha,35,0.5901617080853633,100
E1,Pointwise-alpha,36,0.5921538655613385,100
E1,Pointwise-alpha,37,0.5942038362211188,100
E1,Pointwise-alpha,38,0.5957431730283982,100
E1,Pointwise-alpha,39,0.5970379075955684,100
E1,Pointwise-alpha,40,0.5982661781951585,100
E1,Pointwise-alpha,41,0.5992731046562727,100
E1,Pointwise-alpha,42,0.6003020993309227,100
E1,Pointwise-alpha,43,0.6012199118612849,100
E1,Pointwise-alpha,44,0.6019229770482077,100
E1,Pointwise-alpha,45,0.6023967782046795,100
E1,Pointwise-alpha,46,0.6029522181488177,100
E1,Pointwise-alpha,47,0.6034187617607507,100
E1,Pointwise-alpha,48,0.60390779475349,100
E1,Pointwise-alpha,49,0.6043519614965301,100
E1,Pointwise-alpha,50,0.6047956841687114,100
E1,Pointwise-alpha,51,0.6052172471062035,100
E1,Pointwise-alpha,52,0.605587464270607,100
E1,Pointwise-alpha,53,0.6059130643459338,100
E1,Pointwise-alpha,54,0.6062834597731687,100
E1,Pointwise-alpha,55,0.606616904586069,100
E1,Pointwise-alpha,56,0.6070095180730015,100
E1,Pointwise-alpha,57,0.6073285161101143,100
E1,Pointwise-alpha,58,0.6077135798268526,100
E1,Pointwise-alpha,59,0.6080907200588161,100
E1,Pointwise-alpha,60,0.6084080095019043,100
E1,Pointwise-alpha,61,0.6087040824529568,100
E1,Pointwise-alpha,62,0.6090443659279619,100
E1,Pointwise-alpha,63,0.6093688541204118,100
E1,Pointwise-alpha,64,0.6097390460393552,100
E1,Pointwise-alpha,65,0.610064516504627,100
E1,Pointwise-alpha,66,0.6104349179950922,100
E1,Pointwise-alpha,67,0.6107394012666572,100
E1,Pointwise-alpha,68,0.6110279469177118,100
E1,Pointwise-alpha,69,0.6113025615260237,100
E1,Pointwise-alpha,70,0.6116577049295923,100
E1,Pointwise-alpha,71,0.6119613914405921,100
E1,Pointwise-alpha,72,0.6122500856971986,100
E1,Pointwise-alpha,73,0.6124943408932966,100
E1,Pointwise-alpha,74,0.612731392062665,100
E1,Pointwise-alpha,75,0.6130426521141911,100
E1,Pointwise-alpha,76,0.6132427662763654,100
E1,Pointwise-alpha,77,0.6134940370175473,100
E1,Pointwise-alpha,78,0.6137535078132825,100
E1,Pointwise-alpha,79,0.6139682832872428,100
E1,Pointwise-alpha,80,0.6142127969159812,100
E1,Pointwise-alpha,81,0.6143903436001126,100
E1,Pointwise-alpha,82,0.614583442029767,100
E1,Pointwise-alpha,83,0.6147017512955613,100
E1,Pointwise-alpha,84,0.614902017748899,100
E1,Pointwise-alpha,85,0.6150431423231514,100
E1,Pointwise-alpha,86,0.6151548937937981,100
E1,Pointwise-alpha,87,0.6151846693042352,100
E1,Pointwise-alpha,88,0.6152436437068747,100
E1,Pointwise-alpha,89,0.6152583442342785,100
E1,Pointwise-alpha,90,0.6152804957263319,100
E1,Pointwise-alpha,91,0.6152879417427131,100
E1,Pointwise-alpha,92,0.6153027133071244,100
E1,Pointwise-alpha,93,0.6153101427276296,100
E1,Pointwise-alpha,94,0.6153101427276296,100
E1,Pointwise-alpha,95,0.6153101427276296,100
E1,Pointwise-alpha,96,0.6153101427276296,100
E1,Pointwise-alpha,97,0.6153101427276296,100
E1,Pointwise-alpha,98,0.6153101427276296,100
E1,Pointwise-alpha,99,0.61531758320382,100
E1,Pointwise-alpha,100,0.61531758320382,100
E1,Pointwise-alpha,101,0.61531758320382,100
E1,Pointwise-alpha,102,0.61531758320382,100
E1,Pointwise-alpha,103,0.61531758320382,100
E1,Pointwise-alpha,104,0.61531758320382,100
E1,Pointwise-alpha,105,0.61531758320382,100
E1,Pointwise-alpha,106,0.61531758320382,100
E1,Pointwise-alpha,107,0.61531758320382,100
E1,Pointwise-alpha,108,0.61531758320382,100
E1,Pointwise-alpha,109,0.61531758320382,100
E1,Pointwise-alpha,110,0.61531758320382,100
E1,Pointwise-alpha,111,0.61531758320382,100
E1,Pointwise-alpha,112,0.61531758320382,100
E1,Pointwise-alpha,113,0.61531758320382,100
E1,Pointwise-alpha,114,0.61531758320382,100
E1,Pointwise-alpha,115,0.61531758320382,100
E1,Pointwise-alpha,116,0.61531758320382,100
E1,Pointwise-alpha,117,0.61531758320382,100
E1,Pointwise-alpha,118,0.61531758320382,100
E1,Pointwise-alpha,119,0.61531758320382,100
E1,Binwise Bonferroni,0,0.0,100
E1,Binwise Bonferroni,1,0.0,100
E1,Binwise Bonferroni,2,0.0,100
E1,Binwise Bonferroni,3,0.0,100
E1,Binwise Bonferroni,4,0.0,100
E1,Binwise Bonferroni,5,0.0013541695917689157,100
E1,Binwise Bonferroni,6,0.0024877991723592473,100
E1,Binwise Bonferroni,7,0.004190743946571993,100
E1,Binwise Bonferroni,8,0.006701430248063081,100
E1,Binwise Bonferroni,9,0.010133217576477909,100
E1,Binwise Bonferroni,10,0.014274465954894828,100
E1,Binwise Bonferroni,11,0.018396472329519378,100
E1,Binwise Bonferroni,12,0.019631709296466234,100
E1,Binwise Bonferroni,13,0.021244517823353685,100
E1,Binwise Bonferroni,14,0.02290841070596019,100
E1,Binwise Bonferroni,15,0.0243651357849301,100
E1,Binwise Bonferroni,16,0.02595643531219574,100
E1,Binwise Bonferroni,17,0.027340989343720635,100
E1,Binwise Bonferroni,18,0.02862163264679287,100
E1,Binwise Bonferroni,19,0.029828390011950427,100
E1,Binwise Bonferroni,20,0.03088699651142335,100
E1,Binwise Bonferroni,21,0.031908176632270406,100
E1,Binwise Bonferroni,22,0.032797227041316074,100
E1,Binwise Bonferroni,23,0.0336186996998315,100
E1,Binwise Bonferroni,24,0.03741263930748894,100
E1,Binwise Bonferroni,25,0.03937812963380491,100
E1,Binwise Bonferroni,26,0.04131623454506987,100
E1,Binwise Bonferroni,27,0.042876716216454024,100
E1,Binwise Bonferroni,28,0.04434894495416008,100
E1,Binwise Bonferroni,29,0.04548151005013381,100
E1,Binwise Bonferroni,30,0.04625866826932538,100
E1,Binwise Bonferroni,31,0.047013294059965245,100
E1,Binwise Bonferroni,32,0.04765580913833177,100
E1,Binwise Bonferroni,33,0.048217784644239495,100
E1,Binwise Bonferroni,34,0.04869862339511826,100
E1,Binwise Bonferroni,35,0.049075804558969614,100
E1,Binwise Bonferroni,36,0.04933389103121664,100
E1,Binwise Bonferroni,37,0.04951890360921161,100
E1,Binwise Bonferroni,38,0.04966710881254892,100
E1,Binwise Bonferroni,39,0.049792989024702236,100
E1,Binwise Bonferroni,40,0.04986701285377929,100
E1,Binwise Bonferroni,41,0.050022484524782945,100
E1,Binwise Bonferroni,42,0.05007423141032463,100
E1,Binwise Bonferroni,43,0.050170562214419026,100
E1,Binwise Bonferroni,44,0.050207481230264014,100
E1,Binwise Bonferroni,45,0.050266708817096106,100
E1,Binwise Bonferroni,46,0.05031107780437564,100
E1,Binwise Bonferroni,47,0.05033346596367523,100
E1,Binwise Bonferroni,48,0.05195338473690778,100
E1,Binwise Bonferroni,49,0.05268639182260932,100
E1,Binwise Bonferroni,50,0.05339670419149838,100
E1,Binwise Bonferroni,51,0.05426941008803708,100
E1,Binwise Bonferroni,52,0.05492746295562178,100
E1,Binwise Bonferroni,53,0.0556384548644956,100
E1,Binwise Bonferroni,54,0.056356836382967686,100
E1,Binwise Bonferroni,55,0.05712701130289065,100
E1,Binwise Bonferroni,56,0.05768175445911109,100
E1,Binwise Bonferroni,57,0.05823686854686631,100
E1,Binwise Bonferroni,58,0.05878362276171907,100
E1,Binwise Bonferroni,59,0.0595087450138766,100
E1,Binwise Bonferroni,60,0.060114768041733865,100
E1,Binwise Bonferroni,61,0.060661572872409544,100
E1,Binwise Bonferroni,62,0.061327256990741603,100
E1,Binwise Bonferroni,63,0.06197115049344431,100
E1,Binwise Bonferroni,64,0.06271900791340639,100
E1,Binwise Bonferroni,65,0.06326617905018289,100
E1,Binwise Bonferroni,66,0.06396910663491046,100
E1,Binwise Bonferroni,67,0.06452421991059339,100
E1,Binwise Bonferroni,68,0.06507165609809559,100
E1,Binwise Bonferroni,69,0.0657158449605015,100
E1,Binwise Bonferroni,70,0.06635203429747957,100
E1,Binwise Bonferroni,71,0.06688374133463054,100
E1,Binwise Bonferroni,72,0.06885129372651502,100
E1,Binwise Bonferroni,73,0.07006482903566796,100
E1,Binwise Bonferroni,74,0.07126317656789864,100
E1,Binwise Bonferroni,75,0.07240253407411379,100
E1,Binwise Bonferroni,76,0.07351275906661786,100
E1,Binwise Bonferroni,77,0.07448868016703633,100
E1,Binwise Bonferroni,78,0.0755247788427842,100
E1,Binwise Bonferroni,79,0.07627256028218393,100
E1,Binwise Bonferroni,80,0.07704968058253718,100
E1,Binwise Bonferroni,81,0.07782637938605366,100
E1,Binwise Bonferroni,82,0.07845557622326331,100
E1,Binwise Bonferroni,83,0.07901105502681229,100
E1,Binwise Bonferroni,84,0.07950672698412932,100
E1,Binwise Bonferroni,85,0.07995055007445047,100
E1,Binwise Bonferroni,86,0.08031339694352646,100
E1,Binwise Bonferroni,87,0.08052867069346074,100
E1,Binwise Bonferroni,88,0.08069130866485373,100
E1,Binwise Bonferroni,89,0.08078741880965323,100
E1,Binwise Bonferroni,90,0.08092050874861513,100
E1,Binwise Bonferroni,91,0.08098728834943598,100
E1,Binwise Bonferroni,92,0.08103159233858205,100
E1,Binwise Bonferroni,93,0.08107603446866235,100
E1,Binwise Bonferroni,94,0.08108349159021344,100
E1,Binwise Bonferroni,95,0.0810981229510959,100
E1,Binwise Bonferroni,96,0.08110555789533383,100
E1,Binwise Bonferroni,97,0.08110555789533383,100
E1,Binwise Bonferroni,98,0.08110555789533383,100
E1,Binwise Bonferroni,99,0.08110555789533383,100
E1,Binwise Bonferroni,100,0.08110555789533383,100
E1,Binwise Bonferroni,101,0.08110555789533383,100
E1,Binwise Bonferroni,102,0.08110555789533383,100
E1,Binwise Bonferroni,103,0.08110555789533383,100
E1,Binwise Bonferroni,104,0.08110555789533383,100
E1,Binwise Bonferroni,105,0.08110555789533383,100
E1,Binwise Bonferroni,106,0.08110555789533383,100
E1,Binwise Bonferroni,107,0.08110555789533383,100
E1,Binwise Bonferroni,108,0.08110555789533383,100
E1,Binwise Bonferroni,109,0.08110555789533383,100
E1,Binwise Bonferroni,110,0.08110555789533383,100
E1,Binwise Bonferroni,111,0.08110555789533383,100
E1,Binwise Bonferroni,112,0.08110555789533383,100
E1,Binwise Bonferroni,113,0.08110555789533383,100
E1,Binwise Bonferroni,114,0.08110555789533383,100
E1,Binwise Bonferroni,115,0.08110555789533383,100
E1,Binwise Bonferroni,116,0.08110555789533383,100
E1,Binwise Bonferroni,117,0.08110555789533383,100
E1,Binwise Bonferroni,118,0.08110555789533383,100
E1,Binwise Bonferroni,119,0.08110555789533383,100
E1,PaFAR-F,0,0.0,100
E1,PaFAR-F,1,0.0,100
E1,PaFAR-F,2,0.0,100
E1,PaFAR-F,3,0.0,100
E1,PaFAR-F,4,0.0,100
E1,PaFAR-F,5,0.0033752136215512347,100
E1,PaFAR-F,6,0.005684448087515571,100
E1,PaFAR-F,7,0.008866132407236098,100
E1,PaFAR-F,8,0.013056364053322415,100
E1,PaFAR-F,9,0.01804725435297387,100
E1,PaFAR-F,10,0.023483724402344534,100
E1,PaFAR-F,11,0.02890148715382535,100
E1,PaFAR-F,12,0.034040835070598845,100
E1,PaFAR-F,13,0.03938190568978689,100
E1,PaFAR-F,14,0.04432951995020154,100
E1,PaFAR-F,15,0.04928573048728176,100
E1,PaFAR-F,16,0.05409784151363014,100
E1,PaFAR-F,17,0.05844949599056661,100
E1,PaFAR-F,18,0.06277236154134129,100
E1,PaFAR-F,19,0.06654542098534297,100
E1,PaFAR-F,20,0.069934998287593,100
E1,PaFAR-F,21,0.07323550464337862,100
E1,PaFAR-F,22,0.076173113243095,100
E1,PaFAR-F,23,0.0788438175935054,100
E1,PaFAR-F,24,0.08130822829941549,100
E1,PaFAR-F,25,0.08361543989498504,100
E1,PaFAR-F,26,0.08596720297475359,100
E1,PaFAR-F,27,0.08772142596842361,100
E1,PaFAR-F,28,0.08940243457801002,100
E1,PaFAR-F,29,0.09074911855649796,100
E1,PaFAR-F,30,0.09183781256609086,100
E1,PaFAR-F,31,0.09282862003558119,100
E1,PaFAR-F,32,0.09374568482674159,100
E1,PaFAR-F,33,0.0944492480761564,100
E1,PaFAR-F,34,0.09503375872965288,100
E1,PaFAR-F,35,0.09551565281414463,100
E1,PaFAR-F,36,0.09578188654032864,100
E1,PaFAR-F,37,0.09597448333962776,100
E1,PaFAR-F,38,0.09621909818898901,100
E1,PaFAR-F,39,0.09630819602451439,100
E1,PaFAR-F,40,0.09643413721903181,100
E1,PaFAR-F,41,0.09655257935240918,100
E1,PaFAR-F,42,0.09664114814734813,100
E1,PaFAR-F,43,0.09675226555891936,100
E1,PaFAR-F,44,0.09684830237899326,100
E1,PaFAR-F,45,0.09692254414905138,100
E1,PaFAR-F,46,0.09696705303127144,100
E1,PaFAR-F,47,0.09698936379872063,100
E1,PaFAR-F,48,0.09701885908230726,100
E1,PaFAR-F,49,0.09705580769718568,100
E1,PaFAR-F,50,0.0970854542638358,100
E1,PaFAR-F,51,0.09712269262312359,100
E1,PaFAR-F,52,0.09717450675215306,100
E1,PaFAR-F,53,0.09723376318251731,100
E1,PaFAR-F,54,0.09728579498637392,100
E1,PaFAR-F,55,0.09733033934940717,100
E1,PaFAR-F,56,0.09738205852796704,100
E1,PaFAR-F,57,0.09741904900188704,100
E1,PaFAR-F,58,0.09747092678745158,100
E1,PaFAR-F,59,0.09752285794891113,100
E1,PaFAR-F,60,0.09755264827122874,100
E1,PaFAR-F,61,0.09759686493494117,100
E1,PaFAR-F,62,0.09763388040602768,100
E1,PaFAR-F,63,0.09766346142940546,100
E1,PaFAR-F,64,0.09771549861698758,100
E1,PaFAR-F,65,0.09773794373803103,100
E1,PaFAR-F,66,0.09778230401532617,100
E1,PaFAR-F,67,0.09781197291906413,100
E1,PaFAR-F,68,0.09783412042261831,100
E1,PaFAR-F,69,0.09784894097260953,100
E1,PaFAR-F,70,0.09787853364750024,100
E1,PaFAR-F,71,0.09792275102133306,100
E1,PaFAR-F,72,0.0979523428277431,100
E1,PaFAR-F,73,0.09797469861856727,100
E1,PaFAR-F,74,0.09801903039353174,100
E1,PaFAR-F,75,0.09803383505365741,100
E1,PaFAR-F,76,0.09804864454796335,100
E1,PaFAR-F,77,0.09807090601820237,100
E1,PaFAR-F,78,0.09808566072327154,100
E1,PaFAR-F,79,0.0981154185637733,100
E1,PaFAR-F,80,0.09813022261554692,100
E1,PaFAR-F,81,0.09815239104592295,100
E1,PaFAR-F,82,0.09816714384675197,100
E1,PaFAR-F,83,0.0981819971722312,100
E1,PaFAR-F,84,0.09819681336094774,100
E1,PaFAR-F,85,0.09820419343474848,100
E1,PaFAR-F,86,0.09821165055629955,100
E1,PaFAR-F,87,0.09821902518756799,100
E1,PaFAR-F,88,0.09823375817056565,100
E1,PaFAR-F,89,0.09824128829104758,100
E1,PaFAR-F,90,0.09824128829104758,100
E1,PaFAR-F,91,0.09824128829104758,100
E1,PaFAR-F,92,0.09824128829104758,100
E1,PaFAR-F,93,0.09824128829104758,100
E1,PaFAR-F,94,0.09824128829104758,100
E1,PaFAR-F,95,0.09824128829104758,100
E1,PaFAR-F,96,0.09824128829104758,100
E1,PaFAR-F,97,0.09824128829104758,100
E1,PaFAR-F,98,0.09824128829104758,100
E1,PaFAR-F,99,0.09824128829104758,100
E1,PaFAR-F,100,0.09824128829104758,100
E1,PaFAR-F,101,0.09824128829104758,100
E1,PaFAR-F,102,0.09824128829104758,100
E1,PaFAR-F,103,0.09824128829104758,100
E1,PaFAR-F,104,0.09824128829104758,100
E1,PaFAR-F,105,0.09824128829104758,100
E1,PaFAR-F,106,0.09824128829104758,100
E1,PaFAR-F,107,0.09824128829104758,100
E1,PaFAR-F,108,0.09824128829104758,100
E1,PaFAR-F,109,0.09824128829104758,100
E1,PaFAR-F,110,0.09824128829104758,100
E1,PaFAR-F,111,0.09824128829104758,100
E1,PaFAR-F,112,0.09824128829104758,100
E1,PaFAR-F,113,0.09824128829104758,100
E1,PaFAR-F,114,0.09824128829104758,100
E1,PaFAR-F,115,0.09824128829104758,100
E1,PaFAR-F,116,0.09824128829104758,100
E1,PaFAR-F,117,0.09824128829104758,100
E1,PaFAR-F,118,0.09824128829104758,100
E1,PaFAR-F,119,0.09824128829104758,100
E1,PaFAR-T,0,0.0,100
E1,PaFAR-T,1,0.0,100
E1,PaFAR-T,2,0.0,100
E1,PaFAR-T,3,0.0,100
E1,PaFAR-T,4,0.0,100
E1,PaFAR-T,5,0.0006118769027917549,100
E1,PaFAR-T,6,0.0012467956647993798,100
E1,PaFAR-T,7,0.002154008128253366,100
E1,PaFAR-T,8,0.003581513979803084,100
E1,PaFAR-T,9,0.005472516803461152,100
E1,PaFAR-T,10,0.007830798410684455,100
E1,PaFAR-T,11,0.009901025336537979,100
E1,PaFAR-T,12,0.01058139419583407,100
E1,PaFAR-T,13,0.011593565080422313,100
E1,PaFAR-T,14,0.012509439382997992,100
E1,PaFAR-T,15,0.013291980418770787,100
E1,PaFAR-T,16,0.014172294140382003,100
E1,PaFAR-T,17,0.014808259458738206,100
E1,PaFAR-T,18,0.015311910002227336,100
E1,PaFAR-T,19,0.015837237368348533,100
E1,PaFAR-T,20,0.016398385907006093,100
E1,PaFAR-T,21,0.016968461389685788,100
E1,PaFAR-T,22,0.017479184289297685,100
E1,PaFAR-T,23,0.01780553003606973,100
E1,PaFAR-T,24,0.031806012158897896,100
E1,PaFAR-T,25,0.03683497297140687,100
E1,PaFAR-T,26,0.04134046645341556,100
E1,PaFAR-T,27,0.04551362400133201,100
E1,PaFAR-T,28,0.048961971548140616,100
E1,PaFAR-T,29,0.05172319161291364,100
E1,PaFAR-T,30,0.05430464070849839,100
E1,PaFAR-T,31,0.05634597184430375,100
E1,PaFAR-T,32,0.0582462007033322,100
E1,PaFAR-T,33,0.059793055395958125,100
E1,PaFAR-T,34,0.06099238805516676,100
E1,PaFAR-T,35,0.062028834047016146,100
E1,PaFAR-T,36,0.06265802794356085,100
E1,PaFAR-T,37,0.06319117536303347,100
E1,PaFAR-T,38,0.06367984517285684,100
E1,PaFAR-T,39,0.06409502151444817,100
E1,PaFAR-T,40,0.06440613823426862,100
E1,PaFAR-T,41,0.06467224316351632,100
E1,PaFAR-T,42,0.06493880568346867,100
E1,PaFAR-T,43,0.06512389093228813,100
E1,PaFAR-T,44,0.06531603658208933,100
E1,PaFAR-T,45,0.0655313367268176,100
E1,PaFAR-T,46,0.06564976904929266,100
E1,PaFAR-T,47,0.06580559507425261,100
E1,PaFAR-T,48,0.06854578363015885,100
E1,PaFAR-T,49,0.06959770600457205,100
E1,PaFAR-T,50,0.07067173577006179,100
E1,PaFAR-T,51,0.07158173746440463,100
E1,PaFAR-T,52,0.07267666967522404,100
E1,PaFAR-T,53,0.07382498511821708,100
E1,PaFAR-T,54,0.0749284614614547,100
E1,PaFAR-T,55,0.07595695033546997,100
E1,PaFAR-T,56,0.07678633253168989,100
E1,PaFAR-T,57,0.07755606464922579,100
E1,PaFAR-T,58,0.07862947260702037,100
E1,PaFAR-T,59,0.07947226306450364,100
E1,PaFAR-T,60,0.08044172020646656,100
E1,PaFAR-T,61,0.08123401117357867,100
E1,PaFAR-T,62,0.08215222601547857,100
E1,PaFAR-T,63,0.08314429525118282,100
E1,PaFAR-T,64,0.0840174182984947,100
E1,PaFAR-T,65,0.08492800540938968,100
E1,PaFAR-T,66,0.08573452069131082,100
E1,PaFAR-T,67,0.08642977466428813,100
E1,PaFAR-T,68,0.08725855533504935,100
E1,PaFAR-T,69,0.08797004449664483,100
E1,PaFAR-T,70,0.08871806992621517,100
E1,PaFAR-T,71,0.08959870787299568,100
E1,PaFAR-T,72,0.09081095158518991,100
E1,PaFAR-T,73,0.0916549830541219,100
E1,PaFAR-T,74,0.09252061373419672,100
E1,PaFAR-T,75,0.09341544666963193,100
E1,PaFAR-T,76,0.09429531237556682,100
E1,PaFAR-T,77,0.09512252911507382,100
E1,PaFAR-T,78,0.0959665377945509,100
E1,PaFAR-T,79,0.09647732684372713,100
E1,PaFAR-T,80,0.09707721960518233,100
E1,PaFAR-T,81,0.09767631757802933,100
E1,PaFAR-T,82,0.09814294241393305,100
E1,PaFAR-T,83,0.0985728337794599,100
E1,PaFAR-T,84,0.09890560821956433,100
E1,PaFAR-T,85,0.09926802282731984,100
E1,PaFAR-T,86,0.09953448755631916,100
E1,PaFAR-T,87,0.0996901899524643,100
E1,PaFAR-T,88,0.0998233238430144,100
E1,PaFAR-T,89,0.09996422225033702,100
E1,PaFAR-T,90,0.1000382998910048,100
E1,PaFAR-T,91,0.1000901884143851,100
E1,PaFAR-T,92,0.10011231281499437,100
E1,PaFAR-T,93,0.10014181858763944,100
E1,PaFAR-T,94,0.10014181858763944,100
E1,PaFAR-T,95,0.10014181858763944,100
E1,PaFAR-T,96,0.10014914459496545,100
E1,PaFAR-T,97,0.10014914459496545,100
E1,PaFAR-T,98,0.10014914459496545,100
E1,PaFAR-T,99,0.10014914459496545,100
E1,PaFAR-T,100,0.10014914459496545,100
E1,PaFAR-T,101,0.10014914459496545,100
E1,PaFAR-T,102,0.10014914459496545,100
E1,PaFAR-T,103,0.10014914459496545,100
E1,PaFAR-T,104,0.10014914459496545,100
E1,PaFAR-T,105,0.10014914459496545,100
E1,PaFAR-T,106,0.10014914459496545,100
E1,PaFAR-T,107,0.10014914459496545,100
E1,PaFAR-T,108,0.10014914459496545,100
E1,PaFAR-T,109,0.10014914459496545,100
E1,PaFAR-T,110,0.10014914459496545,100
E1,PaFAR-T,111,0.10014914459496545,100
E1,PaFAR-T,112,0.10014914459496545,100
E1,PaFAR-T,113,0.10014914459496545,100
E1,PaFAR-T,114,0.10014914459496545,100
E1,PaFAR-T,115,0.10014914459496545,100
E1,PaFAR-T,116,0.10014914459496545,100
E1,PaFAR-T,117,0.10014914459496545,100
E1,PaFAR-T,118,0.10014914459496545,100
E1,PaFAR-T,119,0.10014914459496545,100
E1,PaFAR-HC,0,0.0,100
E1,PaFAR-HC,1,0.0,100
E1,PaFAR-HC,2,0.0,100
E1,PaFAR-HC,3,0.0,100
E1,PaFAR-HC,4,0.0,100
E1,PaFAR-HC,5,0.0023173794619024382,100
E1,PaFAR-HC,6,0.00417545894822528,100
E1,PaFAR-HC,7,0.006602990724867483,100
E1,PaFAR-HC,8,0.009683324383388571,100
E1,PaFAR-HC,9,0.013661699891833747,100
E1,PaFAR-HC,10,0.017997762101643878,100
E1,PaFAR-HC,11,0.02234985329979799,100
E1,PaFAR-HC,12,0.026640109214514013,100
E1,PaFAR-HC,13,0.031040536448646905,100
E1,PaFAR-HC,14,0.03489374594858759,100
E1,PaFAR-HC,15,0.03876957395349101,100
E1,PaFAR-HC,16,0.04266233223966673,100
E1,PaFAR-HC,17,0.04623001963705332,100
E1,PaFAR-HC,18,0.049739489220877224,100
E1,PaFAR-HC,19,0.05290580540414305,100
E1,PaFAR-HC,20,0.05565120961092206,100
E1,PaFAR-HC,21,0.05829316993398389,100
E1,PaFAR-HC,22,0.06069125132652351,100
E1,PaFAR-HC,23,0.06277729545263176,100
E1,PaFAR-HC,24,0.06472369645159166,100
E1,PaFAR-HC,25,0.06660152282406771,100
E1,PaFAR-HC,26,0.06845108232784787,100
E1,PaFAR-HC,27,0.06988653228584879,100
E1,PaFAR-HC,28,0.07132301446143818,100
E1,PaFAR-HC,29,0.07235137746508977,100
E1,PaFAR-HC,30,0.07315908671899508,100
E1,PaFAR-HC,31,0.07390605046105406,100
E1,PaFAR-HC,32,0.07454156842675708,100
E1,PaFAR-HC,33,0.07507508108024641,100
E1,PaFAR-HC,34,0.07550386861972089,100
E1,PaFAR-HC,35,0.07582260915178446,100
E1,PaFAR-HC,36,0.07605895680537592,100
E1,PaFAR-HC,37,0.07619957862545224,100
E1,PaFAR-HC,38,0.07638479427582484,100
E1,PaFAR-HC,39,0.07646658293194405,100
E1,PaFAR-HC,40,0.07654087725252666,100
E1,PaFAR-HC,41,0.07662230204932348,100
E1,PaFAR-HC,42,0.07668157957905558,100
E1,PaFAR-HC,43,0.0767481000049711,100
E1,PaFAR-HC,44,0.07682201826959936,100
E1,PaFAR-HC,45,0.07686655757633312,100
E1,PaFAR-HC,46,0.07688887353889459,100
E1,PaFAR-HC,47,0.0769037438301533,100
E1,PaFAR-HC,48,0.07693339096019279,100
E1,PaFAR-HC,49,0.07695541930197625,100
E1,PaFAR-HC,50,0.0769703002543572,100
E1,PaFAR-HC,51,0.07699998003465786,100
E1,PaFAR-HC,52,0.07702966481932828,100
E1,PaFAR-HC,53,0.07707417198715566,100
E1,PaFAR-HC,54,0.07711148708755386,100
E1,PaFAR-HC,55,0.07714109048511546,100
E1,PaFAR-HC,56,0.07720028843088496,100
E1,PaFAR-HC,57,0.07722247465836413,100
E1,PaFAR-HC,58,0.07728180956547975,100
E1,PaFAR-HC,59,0.07732638237521008,100
E1,PaFAR-HC,60,0.07735618423223338,100
E1,PaFAR-HC,61,0.07739297147544061,100
E1,PaFAR-HC,62,0.07741517756590026,100
E1,PaFAR-HC,63,0.07744479691310344,100
E1,PaFAR-HC,64,0.07748193650294401,100
E1,PaFAR-HC,65,0.07750440932503332,100
E1,PaFAR-HC,66,0.07752661801198024,100
E1,PaFAR-HC,67,0.07754887918530497,100
E1,PaFAR-HC,68,0.07755630860581016,100
E1,PaFAR-HC,69,0.07756374908200064,100
E1,PaFAR-HC,70,0.07760072183069208,100
E1,PaFAR-HC,71,0.07763023201530016,100
E1,PaFAR-HC,72,0.07764494332412511,100
E1,PaFAR-HC,73,0.07765241716567967,100
E1,PaFAR-HC,74,0.07768200511261815,100
E1,PaFAR-HC,75,0.07768935265119273,100
E1,PaFAR-HC,76,0.07770421149220312,100
E1,PaFAR-HC,77,0.0777338530362429,100
E1,PaFAR-HC,78,0.07774860774131208,100
E1,PaFAR-HC,79,0.0777633955135465,100
E1,PaFAR-HC,80,0.07779316963358746,100
E1,PaFAR-HC,81,0.07781533806396347,100
E1,PaFAR-HC,82,0.0778300908647925,100
E1,PaFAR-HC,83,0.0778300908647925,100
E1,PaFAR-HC,84,0.07784490705350905,100
E1,PaFAR-HC,85,0.07784490705350905,100
E1,PaFAR-HC,86,0.07784490705350905,100
E1,PaFAR-HC,87,0.07785228168477748,100
E1,PaFAR-HC,88,0.07785228168477748,100
E1,PaFAR-HC,89,0.07786717015698862,100
E1,PaFAR-HC,90,0.07786717015698862,100
E1,PaFAR-HC,91,0.07786717015698862,100
E1,PaFAR-HC,92,0.07786717015698862,100
E1,PaFAR-HC,93,0.07787456113998935,100
E1,PaFAR-HC,94,0.07787456113998935,100
E1,PaFAR-HC,95,0.07787456113998935,100
E1,PaFAR-HC,96,0.07787456113998935,100
E1,PaFAR-HC,97,0.07787456113998935,100
E1,PaFAR-HC,98,0.07787456113998935,100
E1,PaFAR-HC,99,0.07787456113998935,100
E1,PaFAR-HC,100,0.07787456113998935,100
E1,PaFAR-HC,101,0.07787456113998935,100
E1,PaFAR-HC,102,0.07787456113998935,100
E1,PaFAR-HC,103,0.07787456113998935,100
E1,PaFAR-HC,104,0.07787456113998935,100
E1,PaFAR-HC,105,0.07787456113998935,100
E1,PaFAR-HC,106,0.07787456113998935,100
E1,PaFAR-HC,107,0.07787456113998935,100
E1,PaFAR-HC,108,0.07787456113998935,100
E1,PaFAR-HC,109,0.07787456113998935,100
E1,PaFAR-HC,110,0.07787456113998935,100
E1,PaFAR-HC,111,0.07787456113998935,100
E1,PaFAR-HC,112,0.07787456113998935,100
E1,PaFAR-HC,113,0.07787456113998935,100
E1,PaFAR-HC,114,0.07787456113998935,100
E1,PaFAR-HC,115,0.07787456113998935,100
E1,PaFAR-HC,116,0.07787456113998935,100
E1,PaFAR-HC,117,0.07787456113998935,100
E1,PaFAR-HC,118,0.07787456113998935,100
E1,PaFAR-HC,119,0.07787456113998935,100
E2,Pointwise-alpha,0,0.0,100
E2,Pointwise-alpha,1,0.0,100
E2,Pointwise-alpha,2,0.0,100
E2,Pointwise-alpha,3,0.0,100
E2,Pointwise-alpha,4,0.0,100
E2,Pointwise-alpha,5,0.09721007317144027,100
E2,Pointwise-alpha,6,0.12922490277991316,100
E2,Pointwise-alpha,7,0.1658938638837399,100
E2,Pointwise-alpha,8,0.20422050735324254,100
E2,Pointwise-alpha,9,0.24217539338607122,100
E2,Pointwise-alpha,10,0.27501169247415286,100
E2,Pointwise-alpha,11,0.30373179196247346,100
E2,Pointwise-alpha,12,0.33016061142738456,100
E2,Pointwise-alpha,13,0.3541358163871603,100
E2,Pointwise-alpha,14,0.3761496052150226,100
E2,Pointwise-alpha,15,0.3963006566042011,100
E2,Pointwise-alpha,16,0.4151025957805888,100
E2,Pointwise-alpha,17,0.4328392885459415,100
E2,Pointwise-alpha,18,0.4483266953154781,100
E2,Pointwise-alpha,19,0.46234953382109095,100
E2,Pointwise-alpha,20,0.47462419961397045,100
E2,Pointwise-alpha,21,0.48628580213923756,100
E2,Pointwise-alpha,22,0.4967501582995759,100
E2,Pointwise-alpha,23,0.5058963802196874,100
E2,Pointwise-alpha,24,0.5142112367064197,100
E2,Pointwise-alpha,25,0.5219601448064103,100
E2,Pointwise-alpha,26,0.5291052321837806,100
E2,Pointwise-alpha,27,0.5358978972533096,100
E2,Pointwise-alpha,28,0.5418068012708921,100
E2,Pointwise-alpha,29,0.5473889183097662,100
E2,Pointwise-alpha,30,0.5522944850263205,100
E2,Pointwise-alpha,31,0.556600813759344,100
E2,Pointwise-alpha,32,0.5602779462289642,100
E2,Pointwise-alpha,33,0.563890670498978,100
E2,Pointwise-alpha,34,0.5666487807556047,100
E2,Pointwise-alpha,35,0.5689752078676349,100
E2,Pointwise-alpha,36,0.5710351770239517,100
E2,Pointwise-alpha,37,0.5730131357997671,100
E2,Pointwise-alpha,38,0.574604389982007,100
E2,Pointwise-alpha,39,0.5759443886548758,100
E2,Pointwise-alpha,40,0.5771375620777217,100
E2,Pointwise-alpha,41,0.5781379014303837,100
E2,Pointwise-alpha,42,0.5790561699054005,100
E2,Pointwise-alpha,43,0.5799746506342782,100
E2,Pointwise-alpha,44,0.5805530155338752,100
E2,Pointwise-alpha,45,0.5811754971094547,100
E2,Pointwise-alpha,46,0.581826688201387,100
E2,Pointwise-alpha,47,0.5822801002745651,100
E2,Pointwise-alpha,48,0.5827688397746358,100
E2,Pointwise-alpha,49,0.583256909310699,100
E2,Pointwise-alpha,50,0.5836272939924882,100
E2,Pointwise-alpha,51,0.5840646050908176,100
E2,Pointwise-alpha,52,0.5843754219547033,100
E2,Pointwise-alpha,53,0.5848866372239389,100
E2,Pointwise-alpha,54,0.5853539576015989,100
E2,Pointwise-alpha,55,0.5857616489743458,100
E2,Pointwise-alpha,56,0.5860875651155157,100
E2,Pointwise-alpha,57,0.5864952322918776,100
E2,Pointwise-alpha,58,0.5868517054988304,100
E2,Pointwise-alpha,59,0.5872892689698999,100
E2,Pointwise-alpha,60,0.5876528717633616,100
E2,Pointwise-alpha,61,0.5880455427659567,100
E2,Pointwise-alpha,62,0.5883865420277313,100
E2,Pointwise-alpha,63,0.5887494648017766,100
E2,Pointwise-alpha,64,0.5890465357205587,100
E2,Pointwise-alpha,65,0.5894090903702773,100
E2,Pointwise-alpha,66,0.5897425437811944,100
E2,Pointwise-alpha,67,0.5900465342168135,100
E2,Pointwise-alpha,68,0.5903653810936451,100
E2,Pointwise-alpha,69,0.5907063846919369,100
E2,Pointwise-alpha,70,0.5910621666148503,100
E2,Pointwise-alpha,71,0.5914697081886908,100
E2,Pointwise-alpha,72,0.5917809755630717,100
E2,Pointwise-alpha,73,0.5921738630812288,100
E2,Pointwise-alpha,74,0.5925221183858543,100
E2,Pointwise-alpha,75,0.592729077035792,100
E2,Pointwise-alpha,76,0.5929591639482863,100
E2,Pointwise-alpha,77,0.5931589108539194,100
E2,Pointwise-alpha,78,0.5934998406283861,100
E2,Pointwise-alpha,79,0.5937219511024827,100
E2,Pointwise-alpha,80,0.5938923452067094,100
E2,Pointwise-alpha,81,0.5941290388902044,100
E2,Pointwise-alpha,82,0.5942845911682294,100
E2,Pointwise-alpha,83,0.5944548665645905,100
E2,Pointwise-alpha,84,0.5945139727794689,100
E2,Pointwise-alpha,85,0.5946253426534923,100
E2,Pointwise-alpha,86,0.5947216121899151,100
E2,Pointwise-alpha,87,0.5948032423149158,100
E2,Pointwise-alpha,88,0.5948180965416134,100
E2,Pointwise-alpha,89,0.5948553773025936,100
E2,Pointwise-alpha,90,0.5948701815490345,100
E2,Pointwise-alpha,91,0.5948848234730647,100
E2,Pointwise-alpha,92,0.5949145578002626,100
E2,Pointwise-alpha,93,0.5949292961937778,100
E2,Pointwise-alpha,94,0.5949440892226723,100
E2,Pointwise-alpha,95,0.5949440892226723,100
E2,Pointwise-alpha,96,0.594951480205673,100
E2,Pointwise-alpha,97,0.594951480205673,100
E2,Pointwise-alpha,98,0.594951480205673,100
E2,Pointwise-alpha,99,0.594951480205673,100
E2,Pointwise-alpha,100,0.594951480205673,100
E2,Pointwise-alpha,101,0.594951480205673,100
E2,Pointwise-alpha,102,0.594951480205673,100
E2,Pointwise-alpha,103,0.594951480205673,100
E2,Pointwise-alpha,104,0.594951480205673,100
E2,Pointwise-alpha,105,0.594951480205673,100
E2,Pointwise-alpha,106,0.594951480205673,100
E2,Pointwise-alpha,107,0.594951480205673,100
E2,Pointwise-alpha,108,0.594951480205673,100
E2,Pointwise-alpha,109,0.594951480205673,100
E2,Pointwise-alpha,110,0.594951480205673,100
E2,Pointwise-alpha,111,0.594951480205673,100
E2,Pointwise-alpha,112,0.594951480205673,100
E2,Pointwise-alpha,113,0.594951480205673,100
E2,Pointwise-alpha,114,0.594951480205673,100
E2,Pointwise-alpha,115,0.594951480205673,100
E2,Pointwise-alpha,116,0.594951480205673,100
E2,Pointwise-alpha,117,0.594951480205673,100
E2,Pointwise-alpha,118,0.594951480205673,100
E2,Pointwise-alpha,119,0.594951480205673,100
E2,Binwise Bonferroni,0,0.0,100
E2,Binwise Bonferroni,1,0.0,100
E2,Binwise Bonferroni,2,0.0,100
E2,Binwise Bonferroni,3,0.0,100
E2,Binwise Bonferroni,4,0.0,100
E2,Binwise Bonferroni,5,0.001453668474145742,100
E2,Binwise Bonferroni,6,0.002841491631193242,100
E2,Binwise Bonferroni,7,0.004597520625053398,100
E2,Binwise Bonferroni,8,0.007395406018040006,100
E2,Binwise Bonferroni,9,0.01124203272255533,100
E2,Binwise Bonferroni,10,0.015242531868437553,100
E2,Binwise Bonferroni,11,0.01923266715958857,100
E2,Binwise Bonferroni,12,0.020471675727787377,100
E2,Binwise Bonferroni,13,0.02196999097061871,100
E2,Binwise Bonferroni,14,0.023572166687467217,100
E2,Binwise Bonferroni,15,0.02513700001583462,100
E2,Binwise Bonferroni,16,0.026457019566675833,100
E2,Binwise Bonferroni,17,0.027784340140021332,100
E2,Binwise Bonferroni,18,0.029052407328487028,100
E2,Binwise Bonferroni,19,0.03022276079605568,100
E2,Binwise Bonferroni,20,0.031224687363635525,100
E2,Binwise Bonferroni,21,0.03210655528471691,100
E2,Binwise Bonferroni,22,0.03295183397100103,100
E2,Binwise Bonferroni,23,0.033774787443099905,100
E2,Binwise Bonferroni,24,0.03822994056763878,100
E2,Binwise Bonferroni,25,0.040355415913160664,100
E2,Binwise Bonferroni,26,0.04198807212350801,100
E2,Binwise Bonferroni,27,0.043554465600408473,100
E2,Binwise Bonferroni,28,0.0446587343056815,100
E2,Binwise Bonferroni,29,0.045988475780405776,100
E2,Binwise Bonferroni,30,0.046850290573786445,100
E2,Binwise Bonferroni,31,0.04762291874732942,100
E2,Binwise Bonferroni,32,0.048322293944532406,100
E2,Binwise Bonferroni,33,0.04885729200519843,100
E2,Binwise Bonferroni,34,0.04930232628799385,100
E2,Binwise Bonferroni,35,0.04962035344698517,100
E2,Binwise Bonferroni,36,0.049856987569992815,100
E2,Binwise Bonferroni,37,0.050035044576456716,100
E2,Binwise Bonferroni,38,0.05016863148092621,100
E2,Binwise Bonferroni,39,0.05025749180371797,100
E2,Binwise Bonferroni,40,0.05033872839267398,100
E2,Binwise Bonferroni,41,0.05042035072377616,100
E2,Binwise Bonferroni,42,0.05047220031910454,100
E2,Binwise Bonferroni,43,0.0505240486526754,100
E2,Binwise Bonferroni,44,0.05057598610043972,100
E2,Binwise Bonferroni,45,0.0506053628340992,100
E2,Binwise Bonferroni,46,0.05061269421239833,100
E2,Binwise Bonferroni,47,0.05064999683049276,100
E2,Binwise Bonferroni,48,0.05244851952064849,100
E2,Binwise Bonferroni,49,0.05311528959633563,100
E2,Binwise Bonferroni,50,0.053730700651172345,100
E2,Binwise Bonferroni,51,0.05436028519485211,100
E2,Binwise Bonferroni,52,0.05504198824013679,100
E2,Binwise Bonferroni,53,0.0555678070297739,100
E2,Binwise Bonferroni,54,0.05623505257170418,100
E2,Binwise Bonferroni,55,0.056960954138290436,100
E2,Binwise Bonferroni,56,0.05748610284639611,100
E2,Binwise Bonferroni,57,0.05804889799356481,100
E2,Binwise Bonferroni,58,0.058663067357046794,100
E2,Binwise Bonferroni,59,0.05923416934855687,100
E2,Binwise Bonferroni,60,0.059753310515384024,100
E2,Binwise Bonferroni,61,0.06043522961887126,100
E2,Binwise Bonferroni,62,0.0611473645308659,100
E2,Binwise Bonferroni,63,0.06180678569669785,100
E2,Binwise Bonferroni,64,0.062399621784190985,100
E2,Binwise Bonferroni,65,0.06291865540892977,100
E2,Binwise Bonferroni,66,0.06357787994979183,100
E2,Binwise Bonferroni,67,0.06426733863660494,100
E2,Binwise Bonferroni,68,0.06490518656764321,100
E2,Binwise Bonferroni,69,0.06557288404649095,100
E2,Binwise Bonferroni,70,0.06620218334916904,100
E2,Binwise Bonferroni,71,0.06681042012887697,100
E2,Binwise Bonferroni,72,0.06888786572331383,100
E2,Binwise Bonferroni,73,0.07016911992806307,100
E2,Binwise Bonferroni,74,0.07123591633757194,100
E2,Binwise Bonferroni,75,0.07225113060717714,100
E2,Binwise Bonferroni,76,0.07330481986705344,100
E2,Binwise Bonferroni,77,0.07428951820223954,100
E2,Binwise Bonferroni,78,0.07523831438409802,100
E2,Binwise Bonferroni,79,0.07622545332186385,100
E2,Binwise Bonferroni,80,0.07695258113438595,100
E2,Binwise Bonferroni,81,0.07759088403381748,100
E2,Binwise Bonferroni,82,0.07819125690232012,100
E2,Binwise Bonferroni,83,0.07873987944139517,100
E2,Binwise Bonferroni,84,0.07916973322988566,100
E2,Binwise Bonferroni,85,0.07954772026854141,100
E2,Binwise Bonferroni,86,0.07989623358599168,100
E2,Binwise Bonferroni,87,0.0801260473959514,100
E2,Binwise Bonferroni,88,0.08026658560909752,100
E2,Binwise Bonferroni,89,0.08042976577877146,100
E2,Binwise Bonferroni,90,0.08051898040271988,100
E2,Binwise Bonferroni,91,0.08054890067457786,100
E2,Binwise Bonferroni,92,0.08057117843550352,100
E2,Binwise Bonferroni,93,0.08058598810845155,100
E2,Binwise Bonferroni,94,0.08058598810845155,100
E2,Binwise Bonferroni,95,0.08059336273971997,100
E2,Binwise Bonferroni,96,0.08061554869418132,100
E2,Binwise Bonferroni,97,0.08061554869418132,100
E2,Binwise Bonferroni,98,0.08062298917037179,100
E2,Binwise Bonferroni,99,0.08062298917037179,100
E2,Binwise Bonferroni,100,0.08062298917037179,100
E2,Binwise Bonferroni,101,0.08062298917037179,100
E2,Binwise Bonferroni,102,0.08062298917037179,100
E2,Binwise Bonferroni,103,0.08062298917037179,100
E2,Binwise Bonferroni,104,0.08062298917037179,100
E2,Binwise Bonferroni,105,0.08062298917037179,100
E2,Binwise Bonferroni,106,0.08062298917037179,100
E2,Binwise Bonferroni,107,0.08062298917037179,100
E2,Binwise Bonferroni,108,0.08062298917037179,100
E2,Binwise Bonferroni,109,0.08062298917037179,100
E2,Binwise Bonferroni,110,0.08062298917037179,100
E2,Binwise Bonferroni,111,0.08062298917037179,100
E2,Binwise Bonferroni,112,0.08062298917037179,100
E2,Binwise Bonferroni,113,0.08062298917037179,100
E2,Binwise Bonferroni,114,0.08062298917037179,100
E2,Binwise Bonferroni,115,0.08062298917037179,100
E2,Binwise Bonferroni,116,0.08062298917037179,100
E2,Binwise Bonferroni,117,0.08062298917037179,100
E2,Binwise Bonferroni,118,0.08062298917037179,100
E2,Binwise Bonferroni,119,0.08062298917037179,100
E2,PaFAR-F,0,0.0,100
E2,PaFAR-F,1,0.0,100
E2,PaFAR-F,2,0.0,100
E2,PaFAR-F,3,0.0,100
E2,PaFAR-F,4,0.0,100
E2,PaFAR-F,5,0.0035828034145406135,100
E2,PaFAR-F,6,0.006092076088167519,100
E2,PaFAR-F,7,0.00931037000218209,100
E2,PaFAR-F,8,0.014142703454823024,100
E2,PaFAR-F,9,0.020072525035568625,100
E2,PaFAR-F,10,0.025890481775956212,100
E2,PaFAR-F,11,0.031737652167258136,100
E2,PaFAR-F,12,0.03754979087941503,100
E2,PaFAR-F,13,0.04256522030327255,100
E2,PaFAR-F,14,0.04766787319994929,100
E2,PaFAR-F,15,0.05275076394938627,100
E2,PaFAR-F,16,0.057299978725103375,100
E2,PaFAR-F,17,0.06187891950042487,100
E2,PaFAR-F,18,0.06599144702630833,100
E2,PaFAR-F,19,0.07002158285331553,100
E2,PaFAR-F,20,0.07364574927017685,100
E2,PaFAR-F,21,0.07689711190833255,100
E2,PaFAR-F,22,0.07990239748401018,100
E2,PaFAR-F,23,0.08262290841881544,100
E2,PaFAR-F,24,0.0851422306869989,100
E2,PaFAR-F,25,0.08720866040477626,100
E2,PaFAR-F,26,0.08905451237280002,100
E2,PaFAR-F,27,0.09084866768325256,100
E2,PaFAR-F,28,0.09216664220769065,100
E2,PaFAR-F,29,0.09345781215243518,100
E2,PaFAR-F,30,0.09462342867703734,100
E2,PaFAR-F,31,0.09561717682008522,100
E2,PaFAR-F,32,0.096463866192852,100
E2,PaFAR-F,33,0.09729397587188127,100
E2,PaFAR-F,34,0.09784288811153613,100
E2,PaFAR-F,35,0.09828720984833694,100
E2,PaFAR-F,36,0.0986048006400975,100
E2,PaFAR-F,37,0.09883410681231419,100
E2,PaFAR-F,38,0.09905652278058391,100
E2,PaFAR-F,39,0.09919754276864086,100
E2,PaFAR-F,40,0.09934561216561262,100
E2,PaFAR-F,41,0.09950113232931335,100
E2,PaFAR-F,42,0.09963437442619806,100
E2,PaFAR-F,43,0.09972327228967595,100
E2,PaFAR-F,44,0.09976788819534105,100
E2,PaFAR-F,45,0.09984156850956603,100
E2,PaFAR-F,46,0.09985645045883564,100
E2,PaFAR-F,47,0.09990831571023456,100
E2,PaFAR-F,48,0.09993055004859774,100
E2,PaFAR-F,49,0.09997507937075045,100
E2,PaFAR-F,50,0.10002682446192043,100
E2,PaFAR-F,51,0.10004891577267154,100
E2,PaFAR-F,52,0.10007867315882757,100
E2,PaFAR-F,53,0.10008617503429645,100
E2,PaFAR-F,54,0.10012324546482702,100
E2,PaFAR-F,55,0.1001529855131094,100
E2,PaFAR-F,56,0.1001975533714182,100
E2,PaFAR-F,57,0.1002418472522834,100
E2,PaFAR-F,58,0.10028612821003206,100
E2,PaFAR-F,59,0.10033045263740085,100
E2,PaFAR-F,60,0.10038239438071321,100
E2,PaFAR-F,61,0.1003970308782363,100
E2,PaFAR-F,62,0.10043391014435647,100
E2,PaFAR-F,63,0.10046361604307213,100
E2,PaFAR-F,64,0.10047106760790074,100
E2,PaFAR-F,65,0.10050068738907388,100
E2,PaFAR-F,66,0.1005525625502694,100
E2,PaFAR-F,67,0.1006117109686881,100
E2,PaFAR-F,68,0.10067065117508141,100
E2,PaFAR-F,69,0.1007002267333668,100
E2,PaFAR-F,70,0.10072972562820975,100
E2,PaFAR-F,71,0.10075928447276591,100
E2,PaFAR-F,72,0.1007960945056756,100
E2,PaFAR-F,73,0.1008403762883892,100
E2,PaFAR-F,74,0.10088483480974844,100
E2,PaFAR-F,75,0.10091425873997642,100
E2,PaFAR-F,76,0.1009512751918613,100
E2,PaFAR-F,77,0.10102543054836845,100
E2,PaFAR-F,78,0.10104769126494306,100
E2,PaFAR-F,79,0.1010922362479907,100
E2,PaFAR-F,80,0.1011217706738972,100
E2,PaFAR-F,81,0.10113660776309805,100
E2,PaFAR-F,82,0.10118816063419724,100
E2,PaFAR-F,83,0.10124729174072794,100
E2,PaFAR-F,84,0.10125468819043208,100
E2,PaFAR-F,85,0.10127681647185063,100
E2,PaFAR-F,86,0.10129164226873723,100
E2,PaFAR-F,87,0.1012990060389876,100
E2,PaFAR-F,88,0.10130649106892772,100
E2,PaFAR-F,89,0.10131382244722684,100
E2,PaFAR-F,90,0.10132126292341731,100
E2,PaFAR-F,91,0.10132126292341731,100
E2,PaFAR-F,92,0.10132126292341731,100
E2,PaFAR-F,93,0.10132126292341731,100
E2,PaFAR-F,94,0.10132126292341731,100
E2,PaFAR-F,95,0.1013286158645938,100
E2,PaFAR-F,96,0.1013286158645938,100
E2,PaFAR-F,97,0.1013286158645938,100
E2,PaFAR-F,98,0.1013286158645938,100
E2,PaFAR-F,99,0.1013286158645938,100
E2,PaFAR-F,100,0.1013286158645938,100
E2,PaFAR-F,101,0.1013286158645938,100
E2,PaFAR-F,102,0.1013286158645938,100
E2,PaFAR-F,103,0.1013286158645938,100
E2,PaFAR-F,104,0.1013286158645938,100
E2,PaFAR-F,105,0.1013286158645938,100
E2,PaFAR-F,106,0.1013286158645938,100
E2,PaFAR-F,107,0.1013286158645938,100
E2,PaFAR-F,108,0.1013286158645938,100
E2,PaFAR-F,109,0.1013286158645938,100
E2,PaFAR-F,110,0.1013286158645938,100
E2,PaFAR-F,111,0.1013286158645938,100
E2,PaFAR-F,112,0.1013286158645938,100
E2,PaFAR-F,113,0.1013286158645938,100
E2,PaFAR-F,114,0.1013286158645938,100
E2,PaFAR-F,115,0.1013286158645938,100
E2,PaFAR-F,116,0.1013286158645938,100
E2,PaFAR-F,117,0.1013286158645938,100
E2,PaFAR-F,118,0.1013286158645938,100
E2,PaFAR-F,119,0.1013286158645938,100
E2,PaFAR-T,0,0.0,100
E2,PaFAR-T,1,0.0,100
E2,PaFAR-T,2,0.0,100
E2,PaFAR-T,3,0.0,100
E2,PaFAR-T,4,0.0,100
E2,PaFAR-T,5,0.0009709209763591518,100
E2,PaFAR-T,6,0.00194154144298896,100
E2,PaFAR-T,7,0.0032533487414048213,100
E2,PaFAR-T,8,0.004929242722989138,100
E2,PaFAR-T,9,0.007507626577176181,100
E2,PaFAR-T,10,0.009967111896521792,100
E2,PaFAR-T,11,0.012905179372300133,100
E2,PaFAR-T,12,0.013974878283223762,100
E2,PaFAR-T,13,0.015052933763607605,100
E2,PaFAR-T,14,0.01612133430306777,100
E2,PaFAR-T,15,0.01716886848110254,100
E2,PaFAR-T,16,0.0180082933734581,100
E2,PaFAR-T,17,0.018905979188846584,100
E2,PaFAR-T,18,0.019871112107708495,100
E2,PaFAR-T,19,0.0206664464223009,100
E2,PaFAR-T,20,0.021260349074326775,100
E2,PaFAR-T,21,0.021914090972746304,100
E2,PaFAR-T,22,0.02258263278247666,100
E2,PaFAR-T,23,0.02316252591169803,100
E2,PaFAR-T,24,0.03789953081487976,100
E2,PaFAR-T,25,0.04229024299697683,100
E2,PaFAR-T,26,0.04633284267892164,100
E2,PaFAR-T,27,0.04951969967225967,100
E2,PaFAR-T,28,0.05224789302818624,100
E2,PaFAR-T,29,0.05498859401640285,100
E2,PaFAR-T,30,0.057261361987382145,100
E2,PaFAR-T,31,0.05911828844353667,100
E2,PaFAR-T,32,0.0607224296117309,100
E2,PaFAR-T,33,0.06204298210366692,100
E2,PaFAR-T,34,0.06304582399513656,100
E2,PaFAR-T,35,0.06391976142987361,100
E2,PaFAR-T,36,0.06459469043596744,100
E2,PaFAR-T,37,0.06509212469218414,100
E2,PaFAR-T,38,0.0656109697891357,100
E2,PaFAR-T,39,0.06596697978592801,100
E2,PaFAR-T,40,0.06633848139016275,100
E2,PaFAR-T,41,0.06659754164822441,100
E2,PaFAR-T,42,0.06684967141726282,100
E2,PaFAR-T,43,0.06707236868458216,100
E2,PaFAR-T,44,0.06727230995384996,100
E2,PaFAR-T,45,0.06742043891125575,100
E2,PaFAR-T,46,0.06753185118439432,100
E2,PaFAR-T,47,0.06762855296627875,100
E2,PaFAR-T,48,0.07036091502220475,100
E2,PaFAR-T,49,0.07139102934015978,100
E2,PaFAR-T,50,0.07236983417059255,100
E2,PaFAR-T,51,0.07320712793625972,100
E2,PaFAR-T,52,0.07403578232547678,100
E2,PaFAR-T,53,0.0748721033955074,100
E2,PaFAR-T,54,0.0759196238411798,100
E2,PaFAR-T,55,0.0767792578980861,100
E2,PaFAR-T,56,0.07760188054274639,100
E2,PaFAR-T,57,0.07838741222666755,100
E2,PaFAR-T,58,0.07925407593947588,100
E2,PaFAR-T,59,0.08012066233038884,100
E2,PaFAR-T,60,0.08095132301887341,100
E2,PaFAR-T,61,0.08187690722312095,100
E2,PaFAR-T,62,0.08268476013053382,100
E2,PaFAR-T,63,0.08350754579068977,100
E2,PaFAR-T,64,0.08424907581331974,100
E2,PaFAR-T,65,0.08497507512577859,100
E2,PaFAR-T,66,0.08578203857736495,100
E2,PaFAR-T,67,0.08651553685135766,100
E2,PaFAR-T,68,0.08726507097446097,100
E2,PaFAR-T,69,0.08814684310500212,100
E2,PaFAR-T,70,0.0889175633663531,100
E2,PaFAR-T,71,0.08979059806395066,100
E2,PaFAR-T,72,0.09079080514449318,100
E2,PaFAR-T,73,0.09156829016001516,100
E2,PaFAR-T,74,0.09233762680055828,100
E2,PaFAR-T,75,0.09293145919737072,100
E2,PaFAR-T,76,0.0935762811733517,100
E2,PaFAR-T,77,0.09421426492565557,100
E2,PaFAR-T,78,0.09482110542129142,100
E2,PaFAR-T,79,0.09539190186945276,100
E2,PaFAR-T,80,0.09596133111766494,100
E2,PaFAR-T,81,0.09639246761737848,100
E2,PaFAR-T,82,0.09674074199033804,100
E2,PaFAR-T,83,0.09709652340805665,100
E2,PaFAR-T,84,0.0975189669293015,100
E2,PaFAR-T,85,0.0976969676154047,100
E2,PaFAR-T,86,0.09797850617392317,100
E2,PaFAR-T,87,0.09816330811487521,100
E2,PaFAR-T,88,0.09823750994244584,100
E2,PaFAR-T,89,0.0982966668682506,100
E2,PaFAR-T,90,0.09837088398917324,100
E2,PaFAR-T,91,0.09839336169921829,100
E2,PaFAR-T,92,0.0984231077034336,100
E2,PaFAR-T,93,0.09843054817962407,100
E2,PaFAR-T,94,0.09844530835938237,100
E2,PaFAR-T,95,0.0984526829906508,100
E2,PaFAR-T,96,0.0984526829906508,100
E2,PaFAR-T,97,0.0984526829906508,100
E2,PaFAR-T,98,0.0984676084967814,100
E2,PaFAR-T,99,0.0984676084967814,100
E2,PaFAR-T,100,0.0984676084967814,100
E2,PaFAR-T,101,0.0984676084967814,100
E2,PaFAR-T,102,0.0984676084967814,100
E2,PaFAR-T,103,0.0984676084967814,100
E2,PaFAR-T,104,0.0984676084967814,100
E2,PaFAR-T,105,0.0984676084967814,100
E2,PaFAR-T,106,0.0984676084967814,100
E2,PaFAR-T,107,0.0984676084967814,100
E2,PaFAR-T,108,0.0984676084967814,100
E2,PaFAR-T,109,0.0984676084967814,100
E2,PaFAR-T,110,0.0984676084967814,100
E2,PaFAR-T,111,0.0984676084967814,100
E2,PaFAR-T,112,0.0984676084967814,100
E2,PaFAR-T,113,0.0984676084967814,100
E2,PaFAR-T,114,0.0984676084967814,100
E2,PaFAR-T,115,0.0984676084967814,100
E2,PaFAR-T,116,0.0984676084967814,100
E2,PaFAR-T,117,0.0984676084967814,100
E2,PaFAR-T,118,0.0984676084967814,100
E2,PaFAR-T,119,0.0984676084967814,100
E2,PaFAR-HC,0,0.0,100
E2,PaFAR-HC,1,0.0,100
E2,PaFAR-HC,2,0.0,100
E2,PaFAR-HC,3,0.0,100
E2,PaFAR-HC,4,0.0,100
E2,PaFAR-HC,5,0.002485006625785768,100
E2,PaFAR-HC,6,0.004429608140794462,100
E2,PaFAR-HC,7,0.0068833485752784265,100
E2,PaFAR-HC,8,0.01069917790653196,100
E2,PaFAR-HC,9,0.01550642860336663,100
E2,PaFAR-HC,10,0.02031912458132906,100
E2,PaFAR-HC,11,0.02515753138346282,100
E2,PaFAR-HC,12,0.02988053814983553,100
E2,PaFAR-HC,13,0.03396177291952698,100
E2,PaFAR-HC,14,0.03810723804046358,100
E2,PaFAR-HC,15,0.04227845023414179,100
E2,PaFAR-HC,16,0.046093676128488005,100
E2,PaFAR-HC,17,0.0498186246074847,100
E2,PaFAR-HC,18,0.05331751480478233,100
E2,PaFAR-HC,19,0.056664447674743455,100
E2,PaFAR-HC,20,0.059489348419105526,100
E2,PaFAR-HC,21,0.06206497279144694,100
E2,PaFAR-HC,22,0.06475223237493617,100
E2,PaFAR-HC,23,0.06694010012618129,100
E2,PaFAR-HC,24,0.0689407270365715,100
E2,PaFAR-HC,25,0.0706151811894903,100
E2,PaFAR-HC,26,0.0720381181009867,100
E2,PaFAR-HC,27,0.07342550472679052,100
E2,PaFAR-HC,28,0.07460266874574663,100
E2,PaFAR-HC,29,0.07567249265692787,100
E2,PaFAR-HC,30,0.0765412047457631,100
E2,PaFAR-HC,31,0.07731247631705596,100
E2,PaFAR-HC,32,0.07795130346105489,100
E2,PaFAR-HC,33,0.07855192576592965,100
E2,PaFAR-HC,34,0.07899629574647996,100
E2,PaFAR-HC,35,0.0792850830020662,100
E2,PaFAR-HC,36,0.0795364018559754,100
E2,PaFAR-HC,37,0.07972908728684061,100
E2,PaFAR-HC,38,0.07989941901340529,100
E2,PaFAR-HC,39,0.08003291997594182,100
E2,PaFAR-HC,40,0.08014384115862391,100
E2,PaFAR-HC,41,0.08024030758113408,100
E2,PaFAR-HC,42,0.08035853503174768,100
E2,PaFAR-HC,43,0.08042508926285823,100
E2,PaFAR-HC,44,0.08044732803151086,100
E2,PaFAR-HC,45,0.08049869400230633,100
E2,PaFAR-HC,46,0.08051357595157596,100
E2,PaFAR-HC,47,0.08055065923697338,100
E2,PaFAR-HC,48,0.08055799599412673,100
E2,PaFAR-HC,49,0.0805951939379803,100
E2,PaFAR-HC,50,0.08063946091314346,100
E2,PaFAR-HC,51,0.08066898164439977,100
E2,PaFAR-HC,52,0.08068391294037383,100
E2,PaFAR-HC,53,0.0806912767106242,100
E2,PaFAR-HC,54,0.08071353192801599,100
E2,PaFAR-HC,55,0.0807358592769046,100
E2,PaFAR-HC,56,0.08075062511652437,100
E2,PaFAR-HC,57,0.08079487529570384,100
E2,PaFAR-HC,58,0.08082433045656594,100
E2,PaFAR-HC,59,0.08085392207013703,100
E2,PaFAR-HC,60,0.08090568160458637,100
E2,PaFAR-HC,61,0.08090568160458637,100
E2,PaFAR-HC,62,0.0809351221458794,100
E2,PaFAR-HC,63,0.08096482804459507,100
E2,PaFAR-HC,64,0.08097227960942367,100
E2,PaFAR-HC,65,0.08099445891440638,100
E2,PaFAR-HC,66,0.08103152406752351,100
E2,PaFAR-HC,67,0.08105360067624026,100
E2,PaFAR-HC,68,0.08110527150792994,100
E2,PaFAR-HC,69,0.0811200266627094,100
E2,PaFAR-HC,70,0.081127478227538,100
E2,PaFAR-HC,71,0.08115703707209418,100
E2,PaFAR-HC,72,0.08118651572670474,100
E2,PaFAR-HC,73,0.08120859163873102,100
E2,PaFAR-HC,74,0.08123826744032836,100
E2,PaFAR-HC,75,0.08125302219357947,100
E2,PaFAR-HC,76,0.08127514372104269,100
E2,PaFAR-HC,77,0.08134921107140275,100
E2,PaFAR-HC,78,0.08137145526591544,100
E2,PaFAR-HC,79,0.08139362311195059,100
E2,PaFAR-HC,80,0.0814382286815349,100
E2,PaFAR-HC,81,0.08145306577073574,100
E2,PaFAR-HC,82,0.08148991256070817,100
E2,PaFAR-HC,83,0.0815268490411397,100
E2,PaFAR-HC,84,0.0815268490411397,100
E2,PaFAR-HC,85,0.08154145852556574,100
E2,PaFAR-HC,86,0.08155628432245234,100
E2,PaFAR-HC,87,0.08156364809270271,100
E2,PaFAR-HC,88,0.08157104454240685,100
E2,PaFAR-HC,89,0.08157104454240685,100
E2,PaFAR-HC,90,0.08157848501859732,100
E2,PaFAR-HC,91,0.08157848501859732,100
E2,PaFAR-HC,92,0.08157848501859732,100
E2,PaFAR-HC,93,0.08157848501859732,100
E2,PaFAR-HC,94,0.08157848501859732,100
E2,PaFAR-HC,95,0.08158583795977378,100
E2,PaFAR-HC,96,0.08158583795977378,100
E2,PaFAR-HC,97,0.08158583795977378,100
E2,PaFAR-HC,98,0.08158583795977378,100
E2,PaFAR-HC,99,0.08158583795977378,100
E2,PaFAR-HC,100,0.08158583795977378,100
E2,PaFAR-HC,101,0.08158583795977378,100
E2,PaFAR-HC,102,0.08158583795977378,100
E2,PaFAR-HC,103,0.08158583795977378,100
E2,PaFAR-HC,104,0.08158583795977378,100
E2,PaFAR-HC,105,0.08158583795977378,100
E2,PaFAR-HC,106,0.08158583795977378,100
E2,PaFAR-HC,107,0.08158583795977378,100
E2,PaFAR-HC,108,0.08158583795977378,100
E2,PaFAR-HC,109,0.08158583795977378,100
E2,PaFAR-HC,110,0.08158583795977378,100
E2,PaFAR-HC,111,0.08158583795977378,100
E2,PaFAR-HC,112,0.08158583795977378,100
E2,PaFAR-HC,113,0.08158583795977378,100
E2,PaFAR-HC,114,0.08158583795977378,100
E2,PaFAR-HC,115,0.08158583795977378,100
E2,PaFAR-HC,116,0.08158583795977378,100
E2,PaFAR-HC,117,0.08158583795977378,100
E2,PaFAR-HC,118,0.08158583795977378,100
E2,PaFAR-HC,119,0.08158583795977378,100
