scenario,contrast,metric,mean_paired_difference,paired_sd,paired_mcse,mc_interval_lower,mc_interval_upper,n_pairs
S3,PaFAR-T minus PaFAR-F,pfa,0.00024120000000000036,0.008586832357737035,0.00038401481726589603,-0.0005114690418411558,0.0009938690418411565,500
S3,PaFAR-T minus PaFAR-F,long_stay_pfa,-0.0348416,0.017168761229754716,0.0007678103439838885,-0.03634650827420842,-0.03333669172579158,500
S3,PaFAR-T minus PaFAR-F,sens3,0.004607999999999998,0.010928504033068826,0.0004887375582064501,0.003650074385915356,0.00556592561408464,500
S3,PaFAR-T minus PaFAR-F,sens0,0.0006339999999999987,0.015444063007004622,0.0006906794946490429,-0.0007197318095121252,0.0019877318095121227,500
S3,PaFAR-T minus PaFAR-F,premature,0.012721,0.006103537116349938,0.0002729584779070301,0.01218600138330222,0.01325599861669778,500
S3,PaFAR-T minus PaFAR-F,median_lead,0.0,0.0,0.0,0.0,0.0,500
S3,PaFAR-T minus PaFAR-F,ppv3_standardized,0.001978283836754795,0.005423359962394698,0.00024254003084730493,0.0015029053762940776,0.0024536622972155127,500
S3,PaFAR-T minus PaFAR-F,alert_burden_100d,0.012063126713093054,0.7156591185004988,0.03200524875369385,-0.050667160844146894,0.074793414270333,500
E1,PaFAR-T minus PaFAR-F,pfa,0.0019078563039178753,0.01515197906448928,0.0015151979064489279,-0.001061931592722023,0.004877644200557774,100
E1,PaFAR-T minus PaFAR-F,long_stay_pfa,0.08225304403677816,0.04588534020687457,0.004588534020687457,0.07325951735623075,0.09124657071732557,100
E1,PaFAR-T minus PaFAR-F,sens3,-0.004941504698273895,0.017034612518886407,0.0017034612518886407,-0.008280288751975631,-0.0016027206445721589,100
E1,PaFAR-T minus PaFAR-F,sens0,-0.0066087944204803635,0.033984410339144,0.0033984410339144,-0.013269738846952588,5.2150005991859726e-05,100
E1,PaFAR-T minus PaFAR-F,premature,-0.037386006441733344,0.03059364870940471,0.003059364870940471,-0.04338236158877667,-0.03138965129469002,100
E1,PaFAR-T minus PaFAR-F,median_lead,-0.045,0.5275012566407551,0.05275012566407551,-0.14839024630158798,0.058390246301588,100
E1,PaFAR-T minus PaFAR-F,ppv3_standardized,-0.0038693971988137204,0.015526503827828343,0.0015526503827828343,-0.006912591949068075,-0.0008262024485593653,100
E1,PaFAR-T minus PaFAR-F,alert_burden_100d,0.13455774511583882,0.978024807225123,0.0978024807225123,-0.05713511710028529,0.3262506073319629,100
E2,PaFAR-T minus PaFAR-F,pfa,-0.002861007367812389,0.017209181796076414,0.0017209181796076414,-0.006234006999843366,0.0005119922642185877,100
E2,PaFAR-T minus PaFAR-F,long_stay_pfa,0.06506108217973912,0.05232486986350357,0.005232486986350357,0.05480540768649242,0.07531675667298582,100
E2,PaFAR-T minus PaFAR-F,sens3,-0.006888978696503159,0.016823269652521518,0.0016823269652521517,-0.010186339548397377,-0.0035916178446089423,100
E2,PaFAR-T minus PaFAR-F,sens0,-0.004106687331747309,0.027057404517963905,0.0027057404517963905,-0.009409938617268234,0.0011965639537736168,100
E2,PaFAR-T minus PaFAR-F,premature,-0.03452525017704472,0.0316278517228662,0.0031627851722866203,-0.04072430911472649,-0.028326191239362943,100
E2,PaFAR-T minus PaFAR-F,median_lead,-0.065,0.6342696428160343,0.06342696428160342,-0.1893168499919427,0.0593168499919427,100
E2,PaFAR-T minus PaFAR-F,ppv3_standardized,-0.004647954463081483,0.014945920886566887,0.0014945920886566886,-0.007577354956848593,-0.0017185539693143734,100
E2,PaFAR-T minus PaFAR-F,alert_burden_100d,-0.062117498750300884,1.1299136483001297,0.11299136483001297,-0.2835805738171263,0.15934557631652452,100
S1,PaFAR-HC minus PaFAR-F,pfa,-0.021729199999999997,0.006670224219790859,0.00029830149561235715,-0.022313870931400217,-0.021144529068599777,500
S1,PaFAR-HC minus PaFAR-F,long_stay_pfa,-0.0234608,0.008270680241874101,0.00036987606481989787,-0.024185757087047,-0.022735842912953,500
S1,PaFAR-HC minus PaFAR-F,sens3,-0.027135,0.009328199483888756,0.00041716976307307424,-0.027952652735623224,-0.026317347264376775,500
S1,PaFAR-HC minus PaFAR-F,sens0,-0.035521000000000004,0.01217878090815405,0.0005446516398741816,-0.0365885172141534,-0.03445348278584661,500
S1,PaFAR-HC minus PaFAR-F,premature,-0.011685000000000003,0.004294666846992128,0.00019206334021178173,-0.012061444146815094,-0.011308555853184911,500
S1,PaFAR-HC minus PaFAR-F,median_lead,-0.047,0.21066504104629719,0.009421227045246078,-0.06546560500868231,-0.028534394991317685,500
S1,PaFAR-HC minus PaFAR-F,ppv3_standardized,0.008718887647366749,0.0049550832386150425,0.00022159805911426092,0.008284555451502798,0.0091532198432307,500
S1,PaFAR-HC minus PaFAR-F,alert_burden_100d,-2.2567829739768426,0.6937649753000297,0.031026112903586575,-2.317594155267872,-2.195971792685813,500
S2,PaFAR-HC minus PaFAR-F,pfa,-0.0218348,0.007300280621613707,0.0003264784744950534,-0.022474697810010307,-0.021194902189989696,500
S2,PaFAR-HC minus PaFAR-F,long_stay_pfa,-0.029147199999999998,0.01045411062778829,0.00046752204016075233,-0.030063543198715074,-0.028230856801284922,500
S2,PaFAR-HC minus PaFAR-F,sens3,-0.025124,0.008965007904818988,0.0004009273418799644,-0.02590981759008473,-0.024338182409915272,500
S2,PaFAR-HC minus PaFAR-F,sens0,-0.035366,0.012075665090368708,0.0005400401603117115,-0.03642447871421096,-0.034307521285789046,500
S2,PaFAR-HC minus PaFAR-F,premature,-0.012184,0.004441012179487545,0.00019860810244477293,-0.012573271880791756,-0.011794728119208245,500
S2,PaFAR-HC minus PaFAR-F,median_lead,-0.008,0.08917344788453134,0.003987957825156938,-0.015816397337307598,-0.0001836026626924024,500
S2,PaFAR-HC minus PaFAR-F,ppv3_standardized,0.0076878079471517854,0.004683603409090907,0.00020945711204754046,0.0072772720075386065,0.008098343886764964,500
S2,PaFAR-HC minus PaFAR-F,alert_burden_100d,-1.8454704306343632,0.5999571992549064,0.02683090162248714,-1.898058997814438,-1.7928818634542885,500
S3,PaFAR-HC minus PaFAR-F,pfa,-0.0223848,0.0069901798394874474,0.00031261034592085,-0.022997516278004865,-0.021772083721995135,500
S3,PaFAR-HC minus PaFAR-F,long_stay_pfa,-0.0364848,0.011842080844067687,0.0005295939552476687,-0.03752280415228543,-0.03544679584771457,500
S3,PaFAR-HC minus PaFAR-F,sens3,-0.025942999999999997,0.008401990113999867,0.0003757484208236982,-0.026679466904814444,-0.02520653309518555,500
S3,PaFAR-HC minus PaFAR-F,sens0,-0.03844499999999999,0.011932318947754535,0.000533629525927758,-0.0394909138708184,-0.03739908612918159,500
S3,PaFAR-HC minus PaFAR-F,premature,-0.009592000000000002,0.0036459734289334828,0.0001630528886250653,-0.00991158366170513,-0.009272416338294873,500
S3,PaFAR-HC minus PaFAR-F,median_lead,0.0,0.0,0.0,0.0,0.0,500
S3,PaFAR-HC minus PaFAR-F,ppv3_standardized,0.006046245400902333,0.004631210912691499,0.0002071140483783407,0.005640301866080785,0.0064521889357238805,500
S3,PaFAR-HC minus PaFAR-F,alert_burden_100d,-1.918747273771802,0.5867089467098761,0.026238421757011687,-1.970174580415545,-1.8673199671280591,500
S4,Local PaFAR-F m0=500 minus direct transfer,pfa,-0.1802096,0.029587251286955246,0.0013231821029000012,-0.182803036921684,-0.177616163078316,500
S4,Local PaFAR-F m0=500 minus direct transfer,long_stay_pfa,-0.22813760000000002,0.0367199129936404,0.0016421644316331546,-0.23135624228600102,-0.22491895771399903,500
S4,Local PaFAR-F m0=500 minus direct transfer,sens3,-0.11454500000000001,0.018823579076746193,0.0008418160479089443,-0.11619495945390154,-0.11289504054609847,500
S4,Local PaFAR-F m0=500 minus direct transfer,sens0,-0.133052,0.023211157050505832,0.001038034500027091,-0.1350865476200531,-0.1310174523799469,500
S4,Local PaFAR-F m0=500 minus direct transfer,premature,-0.104167,0.018984637049145173,0.0008490187794009924,-0.10583107680762593,-0.10250292319237406,500
S4,Local PaFAR-F m0=500 minus direct transfer,median_lead,-0.938,0.23931264296347635,0.010702386750829396,-0.9589766780316256,-0.9170233219683743,500
S4,Local PaFAR-F m0=500 minus direct transfer,ppv3_standardized,0.03130540003210912,0.008200122750227745,0.00036672063786703535,0.03058662758188973,0.03202417248232851,500
S4,Local PaFAR-F m0=500 minus direct transfer,alert_burden_100d,-15.617189223368516,2.7383382291554557,0.1224622085155599,-15.857215152059014,-15.377163294678018,500
S4,Local PaFAR-T m0=500 minus direct transfer,pfa,-0.1800344,0.029168307406394145,0.0013044463629861577,-0.18259111487145288,-0.17747768512854714,500
S4,Local PaFAR-T m0=500 minus direct transfer,long_stay_pfa,-0.22559520000000002,0.03749410717841155,0.001676787448131821,-0.22888170339833838,-0.22230869660166167,500
S4,Local PaFAR-T m0=500 minus direct transfer,sens3,-0.116727,0.01886944840652033,0.0008438673866980907,-0.11838098007792826,-0.11507301992207174,500
S4,Local PaFAR-T m0=500 minus direct transfer,sens0,-0.13691299999999998,0.02400674026510706,0.001073614063019214,-0.13901728356351764,-0.13480871643648232,500
S4,Local PaFAR-T m0=500 minus direct transfer,premature,-0.10477700000000001,0.019283762547697793,0.0008623960783723358,-0.1064672963136098,-0.10308670368639022,500
S4,Local PaFAR-T m0=500 minus direct transfer,median_lead,-0.938,0.23931264296347635,0.010702386750829396,-0.9589766780316256,-0.9170233219683743,500
S4,Local PaFAR-T m0=500 minus direct transfer,ppv3_standardized,0.029819491814787987,0.008002538450495734,0.00035788439935728595,0.029118038392047706,0.03052094523752827,500
S4,Local PaFAR-T m0=500 minus direct transfer,alert_burden_100d,-15.65078834634872,2.7129082407697855,0.12132494486161213,-15.88858523827748,-15.412991454419961,500
S4,Local PaFAR-HC m0=500 minus Local PaFAR-F m0=500,pfa,-0.021690399999999995,0.007111253595210256,0.0003180249288825981,-0.022313728860609887,-0.021067071139390103,500
S4,Local PaFAR-HC m0=500 minus Local PaFAR-F m0=500,long_stay_pfa,-0.029622400000000004,0.010314220500312086,0.0004612659634723943,-0.030526481288405898,-0.02871831871159411,500
S4,Local PaFAR-HC m0=500 minus Local PaFAR-F m0=500,sens3,-0.021572,0.007765205266163369,0.0003472705366876128,-0.022252650251907723,-0.02089134974809228,500
S4,Local PaFAR-HC m0=500 minus Local PaFAR-F m0=500,sens0,-0.03381699999999999,0.011410890756453301,0.0005103105483050715,-0.034817208674677934,-0.03281679132532205,500
S4,Local PaFAR-HC m0=500 minus Local PaFAR-F m0=500,premature,-0.011204,0.004282998032253642,0.0001915414949523396,-0.011579421330106586,-0.010828578669893415,500
S4,Local PaFAR-HC m0=500 minus Local PaFAR-F m0=500,median_lead,0.0,0.0,0.0,0.0,0.0,500
S4,Local PaFAR-HC m0=500 minus Local PaFAR-F m0=500,ppv3_standardized,0.005585599202238791,0.004211713916107679,0.00018835357236397232,0.0052164262004054055,0.005954772204072176,500
S4,Local PaFAR-HC m0=500 minus Local PaFAR-F m0=500,alert_burden_100d,-1.6677254087728366,0.5469820115186872,0.02446177920450715,-1.7156704960136706,-1.6197803215320026,500
E3,Local PaFAR-F m0=500 minus direct transfer,pfa,-0.03628279070116681,0.024651471383597606,0.003486244516313598,-0.04311582995314146,-0.029449751449192155,50
E3,Local PaFAR-F m0=500 minus direct transfer,long_stay_pfa,-0.037825576180627804,0.02724327415618063,0.0038527807795119082,-0.04537702650847114,-0.030274125852784464,50
E3,Local PaFAR-F m0=500 minus direct transfer,sens3,-0.011434533672240052,0.011147607689985184,0.0015765097983191656,-0.014524492876945617,-0.008344574467534487,50
E3,Local PaFAR-F m0=500 minus direct transfer,sens0,-0.023356145644873677,0.018790409598372984,0.0026573652096564654,-0.028564581455800347,-0.018147709833947007,50
E3,Local PaFAR-F m0=500 minus direct transfer,premature,-0.029659873715658334,0.028196671530517078,0.003987611529223658,-0.037475592312936706,-0.021844155118379963,50
E3,Local PaFAR-F m0=500 minus direct transfer,median_lead,-0.07,0.3500728787097956,0.04950778128903844,-0.16703525132651537,0.02703525132651534,50
E3,Local PaFAR-F m0=500 minus direct transfer,ppv3_standardized,0.002204257724230767,0.007345154752875318,0.0010387617469245474,0.00016828470025865433,0.00424023074820288,50
E3,Local PaFAR-F m0=500 minus direct transfer,alert_burden_100d,-2.2617458310160226,1.6371471790286007,0.23152757441831007,-2.7155398768759103,-1.8079517851561349,50
E3,Local PaFAR-T m0=500 minus direct transfer,pfa,-0.036301817039759376,0.023824175898464254,0.0033692472667970364,-0.04290554168268157,-0.029698092396837183,50
E3,Local PaFAR-T m0=500 minus direct transfer,long_stay_pfa,0.06775002972069205,0.06035894114052411,0.008536043317140857,0.05101938481909597,0.08448067462228813,50
E3,Local PaFAR-T m0=500 minus direct transfer,sens3,-0.023254829683403058,0.017262521413953517,0.002441289190436904,-0.02803975649665939,-0.018469902870146725,50
E3,Local PaFAR-T m0=500 minus direct transfer,sens0,-0.04973630733320032,0.03956810416802281,0.005595774955180924,-0.06070402624535493,-0.03876858842104571,50
E3,Local PaFAR-T m0=500 minus direct transfer,premature,-0.06612858555057517,0.036151848442166255,0.0051126434371768165,-0.07614936668744174,-0.05610780441370861,50
E3,Local PaFAR-T m0=500 minus direct transfer,median_lead,-0.09,0.4704535371450032,0.06653217726968581,-0.22040306744858418,0.040403067448584185,50
E3,Local PaFAR-T m0=500 minus direct transfer,ppv3_standardized,-0.007138475278902779,0.014999003390424525,0.0021211794016818396,-0.011295986906199186,-0.0029809636516063736,50
E3,Local PaFAR-T m0=500 minus direct transfer,alert_burden_100d,-2.2273974305210356,1.7004572149384176,0.24048096556010912,-2.6987401230188492,-1.7560547380232217,50
E3,Local PaFAR-HC m0=500 minus Local PaFAR-F m0=500,pfa,-0.023082620726529966,0.008136877518873648,0.0011507282542559851,-0.025338048104871697,-0.020827193348188236,50
E3,Local PaFAR-HC m0=500 minus Local PaFAR-F m0=500,long_stay_pfa,-0.023401293559415903,0.011575989501920595,0.0016370921351504676,-0.026609994144310818,-0.020192592974520987,50
E3,Local PaFAR-HC m0=500 minus Local PaFAR-F m0=500,sens3,-0.008676279871675425,0.00826811359259229,0.0011692878377885351,-0.010968084033740954,-0.006384475709609896,50
E3,Local PaFAR-HC m0=500 minus Local PaFAR-F m0=500,sens0,-0.0203317374606726,0.010971397498691401,0.001551589914083563,-0.023372853692276385,-0.017290621229068815,50
E3,Local PaFAR-HC m0=500 minus Local PaFAR-F m0=500,premature,-0.019251930244402096,0.013298958008448237,0.0018807566780977782,-0.02293821333347374,-0.015565647155330452,50
E3,Local PaFAR-HC m0=500 minus Local PaFAR-F m0=500,median_lead,-0.04,0.3619674131234265,0.05118992247762548,-0.14033224805614594,0.06033224805614593,50
E3,Local PaFAR-HC m0=500 minus Local PaFAR-F m0=500,ppv3_standardized,0.0006836188995347026,0.00828823048960279,0.0011721327966470463,-0.001613761381893508,0.002980999180962913,50
E3,Local PaFAR-HC m0=500 minus Local PaFAR-F m0=500,alert_burden_100d,-1.401327510354494,0.47644551942265806,0.06737957152994169,-1.5333914705531797,-1.2692635501558083,50
